CNPJ_Companhia;Data_Referencia;Versao;ID_Documento;Nome_Companhia;ID_Capital_Social;Tipo_Classe_Acao_Preferencial;Quantidade_Acoes
00.001.180/0001-26;2023-12-31;23;136627;CENTRAIS ELET BRAS S.A. - ELETROBRAS;313454;Preferencial Classe A;146920
00.001.180/0001-26;2023-12-31;23;136627;CENTRAIS ELET BRAS S.A. - ELETROBRAS;313454;Preferencial Classe B;279941393
00.001.180/0001-26;2023-12-31;23;136627;CENTRAIS ELET BRAS S.A. - ELETROBRAS;313454;Preferencial Classe C;1
00.001.180/0001-26;2023-12-31;23;136627;CENTRAIS ELET BRAS S.A. - ELETROBRAS;313455;Preferencial Classe A;146920
00.001.180/0001-26;2023-12-31;23;136627;CENTRAIS ELET BRAS S.A. - ELETROBRAS;313455;Preferencial Classe B;279941393
00.001.180/0001-26;2023-12-31;23;136627;CENTRAIS ELET BRAS S.A. - ELETROBRAS;313455;Preferencial Classe C;1
00.001.180/0001-26;2023-12-31;23;136627;CENTRAIS ELET BRAS S.A. - ELETROBRAS;313456;Preferencial Classe A;146920
00.001.180/0001-26;2023-12-31;23;136627;CENTRAIS ELET BRAS S.A. - ELETROBRAS;313456;Preferencial Classe B;279941393
00.001.180/0001-26;2023-12-31;23;136627;CENTRAIS ELET BRAS S.A. - ELETROBRAS;313456;Preferencial Classe C;1
00.070.698/0001-11;2023-12-31;6;136076;COMPANHIA ENERGÉTICA DE BRASÍLIA - CEB;312723;Preferencial Classe A;6565010
00.070.698/0001-11;2023-12-31;6;136076;COMPANHIA ENERGÉTICA DE BRASÍLIA - CEB;312723;Preferencial Classe B;29596015
00.359.742/0001-08;2023-12-31;3;134771;ATOM EMPREENDIMENTOS E PARTICIPAÇÕES S.A.;310540;Ordinária Classe A;23804898
00.644.907/0001-93;2023-12-31;2;135558;INVESTCO S.A.;311509;Preferencial Classe R;255559826
00.644.907/0001-93;2023-12-31;2;135558;INVESTCO S.A.;311509;Preferencial Classe C;107199382
00.644.907/0001-93;2023-12-31;2;135558;INVESTCO S.A.;311509;Preferencial Classe B;5156240
00.644.907/0001-93;2023-12-31;2;135558;INVESTCO S.A.;311509;Preferencial Classe A;16288514
00.938.574/0001-05;2023-12-31;6;135809;CONC RIO-TERESOPOLIS S.A.;312091;Preferencial Classe A;37680
01.417.222/0001-77;2023-12-31;6;136053;MRS LOGISTICA S.A.;312682;Preferencial Classe B;69178752
01.417.222/0001-77;2023-12-31;6;136053;MRS LOGISTICA S.A.;312682;Preferencial Classe A;81588066
01.417.222/0001-77;2023-12-31;6;136053;MRS LOGISTICA S.A.;312684;Preferencial Classe A;81588066
01.417.222/0001-77;2023-12-31;6;136053;MRS LOGISTICA S.A.;312684;Preferencial Classe B;69178752
01.417.222/0001-77;2023-12-31;6;136053;MRS LOGISTICA S.A.;312685;Preferencial Classe A;81588066
01.417.222/0001-77;2023-12-31;6;136053;MRS LOGISTICA S.A.;312685;Preferencial Classe B;69178752
02.201.787/0001-85;2023-12-31;4;133316;CEL PARTICIPAÇÕES S.A. - CELPAR;307420;Ordinária Classe A;2609000
02.201.787/0001-85;2023-12-31;4;133316;CEL PARTICIPAÇÕES S.A. - CELPAR;307420;Preferencial Classe B;10
02.201.787/0001-85;2023-12-31;4;133316;CEL PARTICIPAÇÕES S.A. - CELPAR;307420;Preferencial Classe A;20
02.291.077/0001-93;2023-12-31;2;129159;PRODUTORES ENERGET.DE MANSO S.A.- PROMAN;299934;Ordinária Classe A;100000
02.357.251/0001-53;2023-12-31;6;136120;LIFEMED INDUSTRIAL DE EQUIP. E ART. MEDICOS E HOSP. S.A;312853;Ordinária Classe A;2576438
04.752.991/0001-10;2023-12-31;19;137854;BIOMM S.A.;315074;Ordinária Classe A;126841481
04.895.728/0001-80;2023-12-31;10;138025;EQUATORIAL PARÁ DISTRIBUIDORA DE ENERGIA S.A.;315450;Preferencial Classe A;2166816
04.895.728/0001-80;2023-12-31;10;138025;EQUATORIAL PARÁ DISTRIBUIDORA DE ENERGIA S.A.;315450;Preferencial Classe B;1085373
04.895.728/0001-80;2023-12-31;10;138025;EQUATORIAL PARÁ DISTRIBUIDORA DE ENERGIA S.A.;315450;Preferencial Classe C;1201249
06.272.793/0001-84;2023-12-31;8;136841;EQUATORIAL MARANHÃO DISTRIBUIDORA DE ENERGIA S.A.;313752;Preferencial Classe B;1625729
06.272.793/0001-84;2023-12-31;8;136841;EQUATORIAL MARANHÃO DISTRIBUIDORA DE ENERGIA S.A.;313752;Preferencial Classe A;1239231
07.047.251/0001-70;2023-12-31;8;136509;CIA ENERGETICA DO CEARA - COELCE;313144;Preferencial Classe A;28252700
07.047.251/0001-70;2023-12-31;8;136509;CIA ENERGETICA DO CEARA - COELCE;313144;Preferencial Classe B;1534662
07.047.251/0001-70;2023-12-31;8;136509;CIA ENERGETICA DO CEARA - COELCE;313145;Preferencial Classe A;28252700
07.047.251/0001-70;2023-12-31;8;136509;CIA ENERGETICA DO CEARA - COELCE;313145;Preferencial Classe B;1534662
07.047.251/0001-70;2023-12-31;8;136509;CIA ENERGETICA DO CEARA - COELCE;313146;Preferencial Classe A;28252700
07.047.251/0001-70;2023-12-31;8;136509;CIA ENERGETICA DO CEARA - COELCE;313146;Preferencial Classe B;1534662
07.047.251/0001-70;2023-12-31;8;136509;CIA ENERGETICA DO CEARA - COELCE;313147;Preferencial Classe A;193324743480
07.047.251/0001-70;2023-12-31;8;136509;CIA ENERGETICA DO CEARA - COELCE;313147;Preferencial Classe B;6645469158
07.253.321/0001-47;2023-12-31;2;135697;CARBOMIL SA MINER. E INDUSTRIA;311861;Preferencial Classe A;60000000
07.275.159/0001-68;2023-12-31;7;137227;PETROLEO LUB DO NORDESTE SA;314209;Preferencial Classe A;226530
07.275.159/0001-68;2023-12-31;7;137227;PETROLEO LUB DO NORDESTE SA;314209;Preferencial Classe B;538663
07.275.159/0001-68;2023-12-31;7;137227;PETROLEO LUB DO NORDESTE SA;314209;Preferencial Classe C;988370
07.334.600/0001-35;2023-12-31;1;127088;MARINA DE IRACEMA PARK SA;293114;Preferencial Classe B;1316954
07.857.850/0001-50;2023-12-31;9;134240;GP INVESTMENTS, LTD.;309682;Ordinária Classe A;88234887
07.857.850/0001-50;2023-12-31;9;134240;GP INVESTMENTS, LTD.;309682;Ordinária Classe B;71724017
07.857.850/0001-50;2023-12-31;9;134240;GP INVESTMENTS, LTD.;309683;Ordinária Classe A;88234887
07.857.850/0001-50;2023-12-31;9;134240;GP INVESTMENTS, LTD.;309683;Ordinária Classe B;71724017
07.857.850/0001-50;2023-12-31;9;134240;GP INVESTMENTS, LTD.;309684;Ordinária Classe A;88234257
07.857.850/0001-50;2023-12-31;9;134240;GP INVESTMENTS, LTD.;309684;Ordinária Classe B;71724017
07.857.850/0001-50;2023-12-31;9;134240;GP INVESTMENTS, LTD.;309685;Ordinária Classe A;220495780
07.857.850/0001-50;2023-12-31;9;134240;GP INVESTMENTS, LTD.;309685;Ordinária Classe B;73705949
08.324.196/0001-81;2023-12-31;9;136190;CIA ENERGETICA DO RIO GDE NORTE - COSERN;313037;Preferencial Classe B;17721681
08.324.196/0001-81;2023-12-31;9;136190;CIA ENERGETICA DO RIO GDE NORTE - COSERN;313037;Preferencial Classe A;20606128
08.324.196/0001-81;2023-12-31;9;136190;CIA ENERGETICA DO RIO GDE NORTE - COSERN;313038;Preferencial Classe A;17721681
08.324.196/0001-81;2023-12-31;9;136190;CIA ENERGETICA DO RIO GDE NORTE - COSERN;313038;Preferencial Classe B;20606128
08.324.196/0001-81;2023-12-31;9;136190;CIA ENERGETICA DO RIO GDE NORTE - COSERN;313039;Preferencial Classe A;17721681
08.324.196/0001-81;2023-12-31;9;136190;CIA ENERGETICA DO RIO GDE NORTE - COSERN;313039;Preferencial Classe B;20606128
08.424.178/0001-71;2023-12-31;1;127296;TECBLU TECELAGEM BLUMENAU S.A.;293413;Preferencial Classe A;28607
08.424.178/0001-71;2023-12-31;1;127296;TECBLU TECELAGEM BLUMENAU S.A.;293413;Preferencial Classe B;14
08.424.178/0001-71;2023-12-31;1;127296;TECBLU TECELAGEM BLUMENAU S.A.;293413;Preferencial Classe C;73969
08.935.054/0001-50;2023-12-31;2;133497;MULTINER S/A;307930;Preferencial Classe A;311344
08.935.054/0001-50;2023-12-31;2;133497;MULTINER S/A;307930;Preferencial Classe B;6532211
08.935.054/0001-50;2023-12-31;2;133497;MULTINER S/A;307930;Preferencial Classe C;1
08.935.054/0001-50;2023-12-31;2;133497;MULTINER S/A;307930;Preferencial Classe D;1
08.935.054/0001-50;2023-12-31;2;133497;MULTINER S/A;307930;Ordinária Classe A;7877740
09.116.278/0001-01;2023-12-31;1;127369;CONPEL CIA NORDESTINA PAPEL - EM RECUPERAÇÃO JUDICIAL;293668;Preferencial Classe C;82043
09.116.278/0001-01;2023-12-31;1;127369;CONPEL CIA NORDESTINA PAPEL - EM RECUPERAÇÃO JUDICIAL;293668;Preferencial Classe B;72447
09.116.278/0001-01;2023-12-31;1;127369;CONPEL CIA NORDESTINA PAPEL - EM RECUPERAÇÃO JUDICIAL;293668;Preferencial Classe A;461266
09.116.278/0001-01;2023-12-31;1;127369;CONPEL CIA NORDESTINA PAPEL - EM RECUPERAÇÃO JUDICIAL;293668;Preferencial Classe D;3457776
09.267.996/0001-70;2023-12-31;9;137987;YUNY INCORPORADORA HOLDING S.A.;315349;Ordinária Classe A;30850016
10.835.932/0001-08;2023-12-31;9;135992;CIA ENERGETICA DE PERNAMBUCO - CELPE;312543;Preferencial Classe B;562531
10.835.932/0001-08;2023-12-31;9;135992;CIA ENERGETICA DE PERNAMBUCO - CELPE;312543;Preferencial Classe A;7085257
10.835.932/0001-08;2023-12-31;9;135992;CIA ENERGETICA DE PERNAMBUCO - CELPE;312543;Ordinária Classe A;66052187
14.110.585/0001-07;2023-12-31;15;137804;MÉLIUZ S.A.;314947;Ordinária Classe A;86957953
14.110.585/0001-07;2023-12-31;15;137804;MÉLIUZ S.A.;314948;Ordinária Classe A;86957953
14.110.585/0001-07;2023-12-31;15;137804;MÉLIUZ S.A.;314949;Ordinária Classe A;86957953
14.388.334/0001-99;2023-12-31;11;135518;PARANA BCO S.A.;311364;Preferencial Classe A;1629433514
14.388.334/0001-99;2023-12-31;11;135518;PARANA BCO S.A.;311364;Ordinária Classe A;1667815950
14.388.334/0001-99;2023-12-31;11;135518;PARANA BCO S.A.;311365;Preferencial Classe A;1629433514
14.388.334/0001-99;2023-12-31;11;135518;PARANA BCO S.A.;311365;Ordinária Classe A;1667815950
14.388.334/0001-99;2023-12-31;11;135518;PARANA BCO S.A.;311366;Ordinária Classe A;1667815950
14.388.334/0001-99;2023-12-31;11;135518;PARANA BCO S.A.;311366;Preferencial Classe A;1629433514
14.807.945/0001-24;2023-12-31;8;137005;SANSUY S.A. INDUSTRIA DE PLASTICOS;313892;Preferencial Classe A;5052280
14.807.945/0001-24;2023-12-31;8;137005;SANSUY S.A. INDUSTRIA DE PLASTICOS;313892;Preferencial Classe B;6200
14.807.945/0001-24;2023-12-31;8;137005;SANSUY S.A. INDUSTRIA DE PLASTICOS;313893;Preferencial Classe A;2800000000
14.807.945/0001-24;2023-12-31;8;137005;SANSUY S.A. INDUSTRIA DE PLASTICOS;313893;Preferencial Classe B;100000000
14.998.371/0001-19;2023-12-31;5;136057;J. MACEDO S.A.;312690;Preferencial Classe A;8691558
14.998.371/0001-19;2023-12-31;5;136057;J. MACEDO S.A.;312690;Preferencial Classe B;1296
15.073.274/0001-88;2023-12-31;2;128440;PPLA PARTICIPATIONS LTD.;297093;Preferencial Classe A;938222
15.073.274/0001-88;2023-12-31;2;128440;PPLA PARTICIPATIONS LTD.;297093;Preferencial Classe B;1876444
15.073.274/0001-88;2023-12-31;2;128440;PPLA PARTICIPATIONS LTD.;297093;Preferencial Classe C;1
15.101.405/0001-93;2023-12-31;5;131017;CORREA RIBEIRO S.A. COMERCIO E INDUSTRIA;303008;Preferencial Classe E;15338
15.101.405/0001-93;2023-12-31;5;131017;CORREA RIBEIRO S.A. COMERCIO E INDUSTRIA;303008;Ordinária Classe A;7815
15.115.504/0001-24;2023-12-31;6;136974;TRONOX PIGMENTOS DO BRASIL S.A.;313827;Preferencial Classe A;12342238
15.115.504/0001-24;2023-12-31;6;136974;TRONOX PIGMENTOS DO BRASIL S.A.;313827;Preferencial Classe B;6518111
15.139.629/0001-94;2023-12-31;14;135917;CIA ELETRICIDADE EST. DA BAHIA - COELBA;312345;Preferencial Classe A;2919354
15.139.629/0001-94;2023-12-31;14;135917;CIA ELETRICIDADE EST. DA BAHIA - COELBA;312345;Preferencial Classe B;9000787
15.139.629/0001-94;2023-12-31;14;135917;CIA ELETRICIDADE EST. DA BAHIA - COELBA;312346;Preferencial Classe A;27220069
15.139.629/0001-94;2023-12-31;14;135917;CIA ELETRICIDADE EST. DA BAHIA - COELBA;312346;Preferencial Classe B;82878409
15.139.629/0001-94;2023-12-31;14;135917;CIA ELETRICIDADE EST. DA BAHIA - COELBA;312346;Ordinária Classe A;151997609
15.139.629/0001-94;2023-12-31;14;135917;CIA ELETRICIDADE EST. DA BAHIA - COELBA;312347;Preferencial Classe A;3153203
15.139.629/0001-94;2023-12-31;14;135917;CIA ELETRICIDADE EST. DA BAHIA - COELBA;312347;Preferencial Classe B;9563348
15.139.629/0001-94;2023-12-31;14;135917;CIA ELETRICIDADE EST. DA BAHIA - COELBA;312347;Ordinária Classe A;17620303
16.234.171/0001-15;2023-12-31;2;129344;METANOR SA METANOL DO NE;300248;Preferencial Classe A;87533575
16.234.171/0001-15;2023-12-31;2;129344;METANOR SA METANOL DO NE;300248;Preferencial Classe B;9746019
16.234.171/0001-15;2023-12-31;2;129344;METANOR SA METANOL DO NE;300248;Preferencial Classe C;99291408
16.234.171/0001-15;2023-12-31;2;129344;METANOR SA METANOL DO NE;300249;Preferencial Classe A;87533575
16.234.171/0001-15;2023-12-31;2;129344;METANOR SA METANOL DO NE;300249;Preferencial Classe B;9746019
16.234.171/0001-15;2023-12-31;2;129344;METANOR SA METANOL DO NE;300249;Preferencial Classe C;99291408
16.234.171/0001-15;2023-12-31;2;129344;METANOR SA METANOL DO NE;300250;Preferencial Classe A;87533575
16.234.171/0001-15;2023-12-31;2;129344;METANOR SA METANOL DO NE;300250;Preferencial Classe B;9746019
16.234.171/0001-15;2023-12-31;2;129344;METANOR SA METANOL DO NE;300250;Preferencial Classe C;99291408
16.234.171/0001-15;2023-12-31;2;129344;METANOR SA METANOL DO NE;300251;Preferencial Classe A;87533575
16.234.171/0001-15;2023-12-31;2;129344;METANOR SA METANOL DO NE;300251;Preferencial Classe B;9746019
16.234.171/0001-15;2023-12-31;2;129344;METANOR SA METANOL DO NE;300251;Preferencial Classe C;99291408
17.162.082/0001-73;2023-12-31;1;127635;MENDES JUNIOR ENGENHARIA S.A.;294696;Preferencial Classe B;1797735
17.162.082/0001-73;2023-12-31;1;127635;MENDES JUNIOR ENGENHARIA S.A.;294696;Preferencial Classe A;1534888
17.162.082/0001-73;2023-12-31;1;127635;MENDES JUNIOR ENGENHARIA S.A.;294696;Ordinária Classe A;6976765
17.167.396/0001-69;2023-12-31;13;136162;ALFA HOLDINGS S.A.;312960;Preferencial Classe A;14313881
17.167.396/0001-69;2023-12-31;13;136162;ALFA HOLDINGS S.A.;312960;Preferencial Classe B;24356756
17.167.412/0001-13;2023-12-31;14;135013;FINANCEIRA ALFA S.A.- CRED FINANC E INVS;310809;Preferencial Classe A;44206287
17.193.806/0001-46;2023-12-31;10;134826;CONSORCIO ALFA DE ADMINISTRACAO S.A.;310595;Preferencial Classe A;164936
17.193.806/0001-46;2023-12-31;10;134826;CONSORCIO ALFA DE ADMINISTRACAO S.A.;310595;Preferencial Classe B;2330271
17.193.806/0001-46;2023-12-31;10;134826;CONSORCIO ALFA DE ADMINISTRACAO S.A.;310595;Preferencial Classe C;219863
17.193.806/0001-46;2023-12-31;10;134826;CONSORCIO ALFA DE ADMINISTRACAO S.A.;310595;Preferencial Classe D;2059517
17.193.806/0001-46;2023-12-31;10;134826;CONSORCIO ALFA DE ADMINISTRACAO S.A.;310595;Preferencial Classe E;6759345
17.193.806/0001-46;2023-12-31;10;134826;CONSORCIO ALFA DE ADMINISTRACAO S.A.;310595;Preferencial Classe F;21717524
21.389.501/0001-81;2023-12-31;10;136680;COMPASS GÁS E ENERGIA S.A.;313568;Preferencial Classe A;30853032
21.389.501/0001-81;2023-12-31;10;136680;COMPASS GÁS E ENERGIA S.A.;313568;Preferencial Classe B;54849373
24.962.466/0001-36;2023-12-31;6;135531;RUMO MALHA NORTE S.A.;311408;Preferencial Classe B;5625683
24.962.466/0001-36;2023-12-31;6;135531;RUMO MALHA NORTE S.A.;311408;Preferencial Classe A;76088610
24.962.466/0001-36;2023-12-31;6;135531;RUMO MALHA NORTE S.A.;311409;Preferencial Classe B;5625683
24.962.466/0001-36;2023-12-31;6;135531;RUMO MALHA NORTE S.A.;311409;Preferencial Classe A;76088610
24.962.466/0001-36;2023-12-31;6;135531;RUMO MALHA NORTE S.A.;311410;Preferencial Classe A;76088610
24.962.466/0001-36;2023-12-31;6;135531;RUMO MALHA NORTE S.A.;311410;Preferencial Classe B;5625683
25.089.509/0001-83;2023-12-31;7;136127;COMPANHIA DE SANEAMENTO DO TOCANTINS - SANEATINS;312867;Preferencial Classe A;5
25.089.509/0001-83;2023-12-31;7;136127;COMPANHIA DE SANEAMENTO DO TOCANTINS - SANEATINS;312868;Preferencial Classe A;5
25.089.509/0001-83;2023-12-31;7;136127;COMPANHIA DE SANEAMENTO DO TOCANTINS - SANEATINS;312869;Preferencial Classe A;5
30.306.294/0001-45;2023-12-31;14;138412;BCO BTG PACTUAL S.A.;316336;Preferencial Classe A;2864529000
30.306.294/0001-45;2023-12-31;14;138412;BCO BTG PACTUAL S.A.;316336;Preferencial Classe B;1397425360
33.200.049/0001-47;2023-12-31;1;127255;HOTEIS OTHON S.A. - EM RECUPERAÇÃO JUDICIAL;293322;Preferencial Classe A;7894494
33.386.210/0001-19;2023-12-31;1;127857;SONDOTECNICA ENGENHARIA SOLOS S.A.;295274;Preferencial Classe A;784600
33.386.210/0001-19;2023-12-31;1;127857;SONDOTECNICA ENGENHARIA SOLOS S.A.;295274;Preferencial Classe B;817300
33.592.510/0001-54;2023-12-31;22;137025;VALE S.A.;313920;Preferencial Classe E;12
33.958.695/0001-78;2023-12-31;15;135966;UNIPAR CARBOCLORO S.A.;312488;Preferencial Classe A;2470393
33.958.695/0001-78;2023-12-31;15;135966;UNIPAR CARBOCLORO S.A.;312488;Preferencial Classe B;71853736
33.958.695/0001-78;2023-12-31;15;135966;UNIPAR CARBOCLORO S.A.;312489;Preferencial Classe A;2470393
33.958.695/0001-78;2023-12-31;15;135966;UNIPAR CARBOCLORO S.A.;312489;Preferencial Classe B;71853736
33.958.695/0001-78;2023-12-31;15;135966;UNIPAR CARBOCLORO S.A.;312490;Preferencial Classe A;2470393
33.958.695/0001-78;2023-12-31;15;135966;UNIPAR CARBOCLORO S.A.;312490;Preferencial Classe B;71853736
38.307.135/0001-77;2023-12-31;4;135507;G2D INVESTMENTS, LTD.;311339;Ordinária Classe A;49031062
38.307.135/0001-77;2023-12-31;4;135507;G2D INVESTMENTS, LTD.;311339;Ordinária Classe B;66025326
38.307.135/0001-77;2023-12-31;4;135507;G2D INVESTMENTS, LTD.;311340;Ordinária Classe A;49031062
38.307.135/0001-77;2023-12-31;4;135507;G2D INVESTMENTS, LTD.;311340;Ordinária Classe B;66025326
38.307.135/0001-77;2023-12-31;4;135507;G2D INVESTMENTS, LTD.;311341;Ordinária Classe A;49031062
38.307.135/0001-77;2023-12-31;4;135507;G2D INVESTMENTS, LTD.;311341;Ordinária Classe B;66025326
38.307.135/0001-77;2023-12-31;4;135507;G2D INVESTMENTS, LTD.;311342;Ordinária Classe B;66025326
38.307.135/0001-77;2023-12-31;4;135507;G2D INVESTMENTS, LTD.;311342;Ordinária Classe A;188547486
41.886.692/0001-02;2023-12-31;4;137399;CONCESSIONARIA ROTA DE SANTA MARIA S.A;314344;Ordinária Classe A;270234200
41.886.692/0001-02;2023-12-31;4;137399;CONCESSIONARIA ROTA DE SANTA MARIA S.A;314345;Ordinária Classe A;270234200
41.886.692/0001-02;2023-12-31;4;137399;CONCESSIONARIA ROTA DE SANTA MARIA S.A;314346;Ordinária Classe A;270234200
42.150.391/0001-70;2023-12-31;11;137858;BRASKEM S.A.;315086;Preferencial Classe A;345060392
42.150.391/0001-70;2023-12-31;11;137858;BRASKEM S.A.;315086;Preferencial Classe B;478790
42.150.391/0001-70;2023-12-31;11;137858;BRASKEM S.A.;315087;Preferencial Classe A;345060392
42.150.391/0001-70;2023-12-31;11;137858;BRASKEM S.A.;315087;Preferencial Classe B;478790
42.150.391/0001-70;2023-12-31;11;137858;BRASKEM S.A.;315088;Preferencial Classe A;345060392
42.150.391/0001-70;2023-12-31;11;137858;BRASKEM S.A.;315088;Preferencial Classe B;478790
42.150.391/0001-70;2023-12-31;11;137858;BRASKEM S.A.;315089;Preferencial Classe A;616682421
42.150.391/0001-70;2023-12-31;11;137858;BRASKEM S.A.;315089;Preferencial Classe B;593818
42.310.775/0001-03;2023-12-31;10;134152;ÁGUAS DO RIO 1 SPE S.A.;309503;Ordinária Classe A;688011298
42.310.775/0001-03;2023-12-31;10;134152;ÁGUAS DO RIO 1 SPE S.A.;309504;Ordinária Classe A;688011298
42.310.775/0001-03;2023-12-31;10;134152;ÁGUAS DO RIO 1 SPE S.A.;309505;Ordinária Classe A;688011298
42.644.220/0001-06;2023-12-31;10;134153;ÁGUAS DO RIO 4 SPE S.A.;309506;Preferencial Classe A;317760956
42.644.220/0001-06;2023-12-31;10;134153;ÁGUAS DO RIO 4 SPE S.A.;309506;Preferencial Classe B;359383895
42.644.220/0001-06;2023-12-31;10;134153;ÁGUAS DO RIO 4 SPE S.A.;309507;Preferencial Classe A;317760956
42.644.220/0001-06;2023-12-31;10;134153;ÁGUAS DO RIO 4 SPE S.A.;309507;Preferencial Classe B;359383895
42.644.220/0001-06;2023-12-31;10;134153;ÁGUAS DO RIO 4 SPE S.A.;309508;Preferencial Classe A;317760956
42.644.220/0001-06;2023-12-31;10;134153;ÁGUAS DO RIO 4 SPE S.A.;309508;Preferencial Classe B;359383895
44.854.238/0001-50;2023-12-31;3;135504;PARSAN S.A.;311333;Preferencial Classe A;37878788
44.854.238/0001-50;2023-12-31;3;135504;PARSAN S.A.;311333;Preferencial Classe B;12121212
56.643.018/0001-66;2023-12-31;7;137433;EUCATEX S.A. INDUSTRIA E COMERCIO;314380;Preferencial Classe A;61361556
56.643.018/0001-66;2023-12-31;7;137433;EUCATEX S.A. INDUSTRIA E COMERCIO;314381;Preferencial Classe A;61361556
56.643.018/0001-66;2023-12-31;7;137433;EUCATEX S.A. INDUSTRIA E COMERCIO;314382;Preferencial Classe A;61361556
60.651.809/0001-05;2023-12-31;5;137466;SUZANO HOLDING S.A.;314388;Preferencial Classe A;274291308
60.651.809/0001-05;2023-12-31;5;137466;SUZANO HOLDING S.A.;314388;Preferencial Classe B;117281320
60.730.348/0001-66;2023-12-31;2;131732;CIA MELHORAMENTOS DE SAO PAULO;304980;Preferencial Classe A;773504
60.851.615/0001-53;2023-12-31;5;137770;BARDELLA S.A. INDUSTRIAS MECANICAS EM RECUPERAÇÃO JUDICIAL;314876;Preferencial Classe A;992808
60.894.730/0001-05;2023-12-31;19;137617;USINAS SID DE MINAS GERAIS S.A.-USIMINAS;314478;Preferencial Classe A;547752163
60.894.730/0001-05;2023-12-31;19;137617;USINAS SID DE MINAS GERAIS S.A.-USIMINAS;314478;Preferencial Classe B;66261
61.082.004/0001-50;2023-12-31;5;136114;MANUFATURA DE BRINQUEDOS ESTRELA S.A.;312835;Preferencial Classe A;5389000
61.082.004/0001-50;2023-12-31;5;136114;MANUFATURA DE BRINQUEDOS ESTRELA S.A.;312835;Ordinária Classe A;2694500
61.082.004/0001-50;2023-12-31;5;136114;MANUFATURA DE BRINQUEDOS ESTRELA S.A.;312836;Preferencial Classe A;5389000
61.082.004/0001-50;2023-12-31;5;136114;MANUFATURA DE BRINQUEDOS ESTRELA S.A.;312836;Ordinária Classe A;2694500
61.082.004/0001-50;2023-12-31;5;136114;MANUFATURA DE BRINQUEDOS ESTRELA S.A.;312837;Preferencial Classe A;5389000
61.082.004/0001-50;2023-12-31;5;136114;MANUFATURA DE BRINQUEDOS ESTRELA S.A.;312837;Ordinária Classe A;2694500
61.856.571/0001-17;2023-12-31;8;137500;CIA GAS DE SAO PAULO - COMGAS;314401;Preferencial Classe A;28657819
61.856.571/0001-17;2023-12-31;8;137500;CIA GAS DE SAO PAULO - COMGAS;314402;Preferencial Classe A;28657819
61.856.571/0001-17;2023-12-31;8;137500;CIA GAS DE SAO PAULO - COMGAS;314403;Preferencial Classe A;28657819
61.856.571/0001-17;2023-12-31;8;137500;CIA GAS DE SAO PAULO - COMGAS;314404;Preferencial Classe A;28657819
62.002.886/0001-60;2023-12-31;10;137895;SAO PAULO TURISMO S.A.;315155;Preferencial Classe A;45022
62.002.886/0001-60;2023-12-31;10;137895;SAO PAULO TURISMO S.A.;315155;Preferencial Classe B;90995
67.620.377/0001-14;2023-12-31;9;136838;MINERVA S.A.;313747;Ordinária Classe A;607283407
67.620.377/0001-14;2023-12-31;9;136838;MINERVA S.A.;313748;Ordinária Classe A;607283407
67.620.377/0001-14;2023-12-31;9;136838;MINERVA S.A.;313749;Ordinária Classe A;607283407
67.620.377/0001-14;2023-12-31;9;136838;MINERVA S.A.;313750;Ordinária Classe A;710000000
76.483.817/0001-20;2023-12-31;20;136123;CIA PARANAENSE DE ENERGIA - COPEL;312864;Preferencial Classe A;3128000
76.483.817/0001-20;2023-12-31;20;136123;CIA PARANAENSE DE ENERGIA - COPEL;312864;Preferencial Classe B;1679335290
76.483.817/0001-20;2023-12-31;20;136123;CIA PARANAENSE DE ENERGIA - COPEL;312864;Preferencial Classe C;1
76.483.817/0001-20;2023-12-31;20;136123;CIA PARANAENSE DE ENERGIA - COPEL;312865;Preferencial Classe A;3128000
76.483.817/0001-20;2023-12-31;20;136123;CIA PARANAENSE DE ENERGIA - COPEL;312865;Preferencial Classe B;1679335290
76.483.817/0001-20;2023-12-31;20;136123;CIA PARANAENSE DE ENERGIA - COPEL;312865;Preferencial Classe C;1
84.693.183/0001-68;2023-12-31;4;135472;SCHULZ S.A.;311239;Preferencial Classe U;204682016
87.043.832/0001-73;2023-12-31;6;136999;SEIVA S.A. - FLORESTAS E INDÚSTRIAS;313878;Preferencial Classe A;8722318
87.043.832/0001-73;2023-12-31;6;136999;SEIVA S.A. - FLORESTAS E INDÚSTRIAS;313878;Preferencial Classe B;151476
87.043.832/0001-73;2023-12-31;6;136999;SEIVA S.A. - FLORESTAS E INDÚSTRIAS;313878;Preferencial Classe C;1617244
87.043.832/0001-73;2023-12-31;6;136999;SEIVA S.A. - FLORESTAS E INDÚSTRIAS;313879;Preferencial Classe A;8722318
87.043.832/0001-73;2023-12-31;6;136999;SEIVA S.A. - FLORESTAS E INDÚSTRIAS;313879;Preferencial Classe B;151476
87.043.832/0001-73;2023-12-31;6;136999;SEIVA S.A. - FLORESTAS E INDÚSTRIAS;313879;Preferencial Classe C;1617244
87.043.832/0001-73;2023-12-31;6;136999;SEIVA S.A. - FLORESTAS E INDÚSTRIAS;313880;Preferencial Classe A;8722318
87.043.832/0001-73;2023-12-31;6;136999;SEIVA S.A. - FLORESTAS E INDÚSTRIAS;313880;Preferencial Classe B;151476
87.043.832/0001-73;2023-12-31;6;136999;SEIVA S.A. - FLORESTAS E INDÚSTRIAS;313880;Preferencial Classe C;1617244
87.043.832/0001-73;2023-12-31;6;136999;SEIVA S.A. - FLORESTAS E INDÚSTRIAS;313881;Preferencial Classe A;96000000
87.043.832/0001-73;2023-12-31;6;136999;SEIVA S.A. - FLORESTAS E INDÚSTRIAS;313881;Preferencial Classe B;48000000
87.043.832/0001-73;2023-12-31;6;136999;SEIVA S.A. - FLORESTAS E INDÚSTRIAS;313881;Preferencial Classe C;96000000
87.762.563/0001-03;2023-12-31;7;137839;CIA HABITASUL DE PARTICIPACOES;315037;Preferencial Classe A;5950327
87.762.563/0001-03;2023-12-31;7;137839;CIA HABITASUL DE PARTICIPACOES;315037;Preferencial Classe B;30596
88.613.658/0001-10;2023-06-30;13;132743;PETTENATI S.A. INDUSTRIA TEXTIL;305716;Preferencial Classe A;32029564
88.613.658/0001-10;2023-06-30;13;132743;PETTENATI S.A. INDUSTRIA TEXTIL;305717;Preferencial Classe A;32029564
92.702.067/0001-96;2023-12-31;27;136674;BCO ESTADO DO RIO GRANDE DO SUL S.A.;313567;Preferencial Classe B;202536545
92.702.067/0001-96;2023-12-31;27;136674;BCO ESTADO DO RIO GRANDE DO SUL S.A.;313567;Preferencial Classe A;1373091
