CNPJ_Companhia;Data_Referencia;Versao;ID_Documento;Nome_Companhia;Data_Inicio_Exercicio_Social;Data_Fim_Exercicio_Social;Codigo_Conta;Descricao_Conta;Valor;Informacao_Financeira;Tipo_Moeda;Escala_Moeda
02.635.522/0001-95;2023-03-31;8;129807;JALLES MACHADO S.A.;2019-04-01;2020-03-31;a;Patrimônio Líquido;601160592.98000000;Consolidado;Real;Unidade
02.635.522/0001-95;2023-03-31;8;129807;JALLES MACHADO S.A.;2019-04-01;2020-03-31;b;Ativo Total;2544448690.20000000;Consolidado;Real;Unidade
02.635.522/0001-95;2023-03-31;8;129807;JALLES MACHADO S.A.;2019-04-01;2020-03-31;c;Rec. Liq./Rec. Intermed. Fin./Prem. Seg. Ganhos;888518310.89000000;Consolidado;Real;Unidade
02.635.522/0001-95;2023-03-31;8;129807;JALLES MACHADO S.A.;2019-04-01;2020-03-31;d;Resultado Bruto;273141166.25000000;Consolidado;Real;Unidade
02.635.522/0001-95;2023-03-31;8;129807;JALLES MACHADO S.A.;2019-04-01;2020-03-31;e;Resultado Líquido;76525852.87000000;Consolidado;Real;Unidade
02.635.522/0001-95;2023-03-31;8;129807;JALLES MACHADO S.A.;2019-04-01;2020-03-31;f;Número de Ações, Ex-Tesouraria;456199.00000000;Consolidado;Real;Unidade
02.635.522/0001-95;2023-03-31;8;129807;JALLES MACHADO S.A.;2019-04-01;2020-03-31;g;Valor Patrimonial da Ação (Reais Unidade);1317.76000000;Consolidado;Real;Unidade
02.635.522/0001-95;2023-03-31;8;129807;JALLES MACHADO S.A.;2019-04-01;2020-03-31;h;Resultado Básico por Ação;167.74000000;Consolidado;Real;Unidade
02.635.522/0001-95;2023-03-31;8;129807;JALLES MACHADO S.A.;2019-04-01;2020-03-31;i;Resultado Diluído por Ação;167.74000000;Consolidado;Real;Unidade
02.635.522/0001-95;2023-03-31;8;129807;JALLES MACHADO S.A.;2020-04-01;2021-03-31;a;Patrimônio Líquido;1135981781.69000000;Consolidado;Real;Unidade
02.635.522/0001-95;2023-03-31;8;129807;JALLES MACHADO S.A.;2020-04-01;2021-03-31;b;Ativo Total;3461100195.64000000;Consolidado;Real;Unidade
02.635.522/0001-95;2023-03-31;8;129807;JALLES MACHADO S.A.;2020-04-01;2021-03-31;c;Rec. Liq./Rec. Intermed. Fin./Prem. Seg. Ganhos;1085454905.82000000;Consolidado;Real;Unidade
02.635.522/0001-95;2023-03-31;8;129807;JALLES MACHADO S.A.;2020-04-01;2021-03-31;d;Resultado Bruto;607095594.41000000;Consolidado;Real;Unidade
02.635.522/0001-95;2023-03-31;8;129807;JALLES MACHADO S.A.;2020-04-01;2021-03-31;e;Resultado Líquido;170447692.33000000;Consolidado;Real;Unidade
02.635.522/0001-95;2023-03-31;8;129807;JALLES MACHADO S.A.;2020-04-01;2021-03-31;f;Número de Ações, Ex-Tesouraria;294697091.00000000;Consolidado;Real;Unidade
02.635.522/0001-95;2023-03-31;8;129807;JALLES MACHADO S.A.;2020-04-01;2021-03-31;g;Valor Patrimonial da Ação (Reais Unidade);3.85474379;Consolidado;Real;Unidade
02.635.522/0001-95;2023-03-31;8;129807;JALLES MACHADO S.A.;2020-04-01;2021-03-31;h;Resultado Básico por Ação;0.71377000;Consolidado;Real;Unidade
02.635.522/0001-95;2023-03-31;8;129807;JALLES MACHADO S.A.;2020-04-01;2021-03-31;i;Resultado Diluído por Ação;0.71000000;Consolidado;Real;Unidade
02.635.522/0001-95;2023-03-31;8;129807;JALLES MACHADO S.A.;2021-04-01;2022-03-31;a;Patrimônio Líquido;1388725597.64000000;Consolidado;Real;Unidade
02.635.522/0001-95;2023-03-31;8;129807;JALLES MACHADO S.A.;2021-04-01;2022-03-31;b;Ativo Total;4325535182.62000000;Consolidado;Real;Unidade
02.635.522/0001-95;2023-03-31;8;129807;JALLES MACHADO S.A.;2021-04-01;2022-03-31;c;Rec. Liq./Rec. Intermed. Fin./Prem. Seg. Ganhos;1449073259.49000000;Consolidado;Real;Unidade
02.635.522/0001-95;2023-03-31;8;129807;JALLES MACHADO S.A.;2021-04-01;2022-03-31;d;Resultado Bruto;755332054.43000000;Consolidado;Real;Unidade
02.635.522/0001-95;2023-03-31;8;129807;JALLES MACHADO S.A.;2021-04-01;2022-03-31;e;Resultado Líquido;387907139.50000000;Consolidado;Real;Unidade
02.635.522/0001-95;2023-03-31;8;129807;JALLES MACHADO S.A.;2021-04-01;2022-03-31;f;Número de Ações, Ex-Tesouraria;294697091.00000000;Consolidado;Real;Unidade
02.635.522/0001-95;2023-03-31;8;129807;JALLES MACHADO S.A.;2021-04-01;2022-03-31;g;Valor Patrimonial da Ação (Reais Unidade);4.71240000;Consolidado;Real;Unidade
02.635.522/0001-95;2023-03-31;8;129807;JALLES MACHADO S.A.;2021-04-01;2022-03-31;h;Resultado Básico por Ação;1.31630000;Consolidado;Real;Unidade
02.635.522/0001-95;2023-03-31;8;129807;JALLES MACHADO S.A.;2021-04-01;2022-03-31;i;Resultado Diluído por Ação;1.31630000;Consolidado;Real;Unidade
06.016.348/0001-53;2023-01-01;1;127379;VENTOS DO SUL ENERGIA S.A.;2020-01-01;2020-12-31;a;Patrimônio Líquido;34047446.34000000;Individual;Real;Unidade
06.016.348/0001-53;2023-01-01;1;127379;VENTOS DO SUL ENERGIA S.A.;2021-01-01;2021-12-31;a;Patrimônio Líquido;39685736.18000000;Individual;Real;Unidade
06.016.348/0001-53;2023-01-01;1;127379;VENTOS DO SUL ENERGIA S.A.;2022-01-01;2022-12-31;a;Patrimônio Líquido;43916946.13000000;Individual;Real;Unidade
06.981.381/0001-13;2023-03-31;9;129306;CTC - CENTRO DE TECNOLOGIA CANAVIEIRA S.A.;2019-04-01;2020-03-31;a;Patrimônio Líquido;595942000.00000000;Consolidado;Real;Unidade
06.981.381/0001-13;2023-03-31;9;129306;CTC - CENTRO DE TECNOLOGIA CANAVIEIRA S.A.;2019-04-01;2020-03-31;b;Ativo Total;791670024.97000000;Consolidado;Real;Unidade
06.981.381/0001-13;2023-03-31;9;129306;CTC - CENTRO DE TECNOLOGIA CANAVIEIRA S.A.;2019-04-01;2020-03-31;c;Rec. Liq./Rec. Intermed. Fin./Prem. Seg. Ganhos;244800573.77000000;Consolidado;Real;Unidade
06.981.381/0001-13;2023-03-31;9;129306;CTC - CENTRO DE TECNOLOGIA CANAVIEIRA S.A.;2019-04-01;2020-03-31;d;Resultado Bruto;140563000.00000000;Consolidado;Real;Unidade
06.981.381/0001-13;2023-03-31;9;129306;CTC - CENTRO DE TECNOLOGIA CANAVIEIRA S.A.;2019-04-01;2020-03-31;e;Resultado Líquido;19390099.71000000;Consolidado;Real;Unidade
06.981.381/0001-13;2023-03-31;9;129306;CTC - CENTRO DE TECNOLOGIA CANAVIEIRA S.A.;2019-04-01;2020-03-31;f;Número de Ações, Ex-Tesouraria;801870.00000000;Consolidado;Real;Unidade
06.981.381/0001-13;2023-03-31;9;129306;CTC - CENTRO DE TECNOLOGIA CANAVIEIRA S.A.;2019-04-01;2020-03-31;g;Valor Patrimonial da Ação (Reais Unidade);743.19000000;Consolidado;Real;Unidade
06.981.381/0001-13;2023-03-31;9;129306;CTC - CENTRO DE TECNOLOGIA CANAVIEIRA S.A.;2019-04-01;2020-03-31;h;Resultado Básico por Ação;24.18110000;Consolidado;Real;Unidade
06.981.381/0001-13;2023-03-31;9;129306;CTC - CENTRO DE TECNOLOGIA CANAVIEIRA S.A.;2019-04-01;2020-03-31;i;Resultado Diluído por Ação;24.18000000;Consolidado;Real;Unidade
06.981.381/0001-13;2023-03-31;9;129306;CTC - CENTRO DE TECNOLOGIA CANAVIEIRA S.A.;2020-04-01;2021-03-31;a;Patrimônio Líquido;689001000.00000000;Consolidado;Real;Unidade
06.981.381/0001-13;2023-03-31;9;129306;CTC - CENTRO DE TECNOLOGIA CANAVIEIRA S.A.;2020-04-01;2021-03-31;b;Ativo Total;849692000.00000000;Consolidado;Real;Unidade
06.981.381/0001-13;2023-03-31;9;129306;CTC - CENTRO DE TECNOLOGIA CANAVIEIRA S.A.;2020-04-01;2021-03-31;c;Rec. Liq./Rec. Intermed. Fin./Prem. Seg. Ganhos;337953000.00000000;Consolidado;Real;Unidade
06.981.381/0001-13;2023-03-31;9;129306;CTC - CENTRO DE TECNOLOGIA CANAVIEIRA S.A.;2020-04-01;2021-03-31;d;Resultado Bruto;223561000.00000000;Consolidado;Real;Unidade
06.981.381/0001-13;2023-03-31;9;129306;CTC - CENTRO DE TECNOLOGIA CANAVIEIRA S.A.;2020-04-01;2021-03-31;e;Resultado Líquido;150193000.00000000;Consolidado;Real;Unidade
06.981.381/0001-13;2023-03-31;9;129306;CTC - CENTRO DE TECNOLOGIA CANAVIEIRA S.A.;2020-04-01;2021-03-31;f;Número de Ações, Ex-Tesouraria;320748000.00000000;Consolidado;Real;Unidade
06.981.381/0001-13;2023-03-31;9;129306;CTC - CENTRO DE TECNOLOGIA CANAVIEIRA S.A.;2020-04-01;2021-03-31;g;Valor Patrimonial da Ação (Reais Unidade);14.92000000;Consolidado;Real;Unidade
06.981.381/0001-13;2023-03-31;9;129306;CTC - CENTRO DE TECNOLOGIA CANAVIEIRA S.A.;2020-04-01;2021-03-31;h;Resultado Básico por Ação;0.33800000;Consolidado;Real;Unidade
06.981.381/0001-13;2023-03-31;9;129306;CTC - CENTRO DE TECNOLOGIA CANAVIEIRA S.A.;2020-04-01;2021-03-31;i;Resultado Diluído por Ação;0.33700000;Consolidado;Real;Unidade
06.981.381/0001-13;2023-03-31;9;129306;CTC - CENTRO DE TECNOLOGIA CANAVIEIRA S.A.;2021-04-01;2022-03-31;a;Patrimônio Líquido;791123000.00000000;Consolidado;Real;Unidade
06.981.381/0001-13;2023-03-31;9;129306;CTC - CENTRO DE TECNOLOGIA CANAVIEIRA S.A.;2021-04-01;2022-03-31;b;Ativo Total;929511000.00000000;Consolidado;Real;Unidade
06.981.381/0001-13;2023-03-31;9;129306;CTC - CENTRO DE TECNOLOGIA CANAVIEIRA S.A.;2021-04-01;2022-03-31;c;Rec. Liq./Rec. Intermed. Fin./Prem. Seg. Ganhos;421455000.00000000;Consolidado;Real;Unidade
06.981.381/0001-13;2023-03-31;9;129306;CTC - CENTRO DE TECNOLOGIA CANAVIEIRA S.A.;2021-04-01;2022-03-31;d;Resultado Bruto;284086000.00000000;Consolidado;Real;Unidade
06.981.381/0001-13;2023-03-31;9;129306;CTC - CENTRO DE TECNOLOGIA CANAVIEIRA S.A.;2021-04-01;2022-03-31;e;Resultado Líquido;185260000.00000000;Consolidado;Real;Unidade
06.981.381/0001-13;2023-03-31;9;129306;CTC - CENTRO DE TECNOLOGIA CANAVIEIRA S.A.;2021-04-01;2022-03-31;f;Número de Ações, Ex-Tesouraria;320748000.00000000;Consolidado;Real;Unidade
06.981.381/0001-13;2023-03-31;9;129306;CTC - CENTRO DE TECNOLOGIA CANAVIEIRA S.A.;2021-04-01;2022-03-31;g;Valor Patrimonial da Ação (Reais Unidade);16.30000000;Consolidado;Real;Unidade
06.981.381/0001-13;2023-03-31;9;129306;CTC - CENTRO DE TECNOLOGIA CANAVIEIRA S.A.;2021-04-01;2022-03-31;h;Resultado Básico por Ação;0.41780000;Consolidado;Real;Unidade
06.981.381/0001-13;2023-03-31;9;129306;CTC - CENTRO DE TECNOLOGIA CANAVIEIRA S.A.;2021-04-01;2022-03-31;i;Resultado Diluído por Ação;0.42000000;Consolidado;Real;Unidade
07.628.528/0001-59;2023-06-30;15;132717;BRASILAGRO - CIA BRAS DE PROP AGRICOLAS;2019-07-01;2020-06-30;a;Patrimônio Líquido;1121569000.00000000;Consolidado;Real;Unidade
07.628.528/0001-59;2023-06-30;15;132717;BRASILAGRO - CIA BRAS DE PROP AGRICOLAS;2019-07-01;2020-06-30;b;Ativo Total;2044368000.00000000;Consolidado;Real;Unidade
07.628.528/0001-59;2023-06-30;15;132717;BRASILAGRO - CIA BRAS DE PROP AGRICOLAS;2019-07-01;2020-06-30;c;Rec. Liq./Rec. Intermed. Fin./Prem. Seg. Ganhos;487568000.00000000;Consolidado;Real;Unidade
07.628.528/0001-59;2023-06-30;15;132717;BRASILAGRO - CIA BRAS DE PROP AGRICOLAS;2019-07-01;2020-06-30;d;Resultado Bruto;221393000.00000000;Consolidado;Real;Unidade
07.628.528/0001-59;2023-06-30;15;132717;BRASILAGRO - CIA BRAS DE PROP AGRICOLAS;2019-07-01;2020-06-30;e;Resultado Líquido;119554000.00000000;Consolidado;Real;Unidade
07.628.528/0001-59;2023-06-30;15;132717;BRASILAGRO - CIA BRAS DE PROP AGRICOLAS;2019-07-01;2020-06-30;f;Número de Ações, Ex-Tesouraria;59342481.00000000;Consolidado;Real;Unidade
07.628.528/0001-59;2023-06-30;15;132717;BRASILAGRO - CIA BRAS DE PROP AGRICOLAS;2019-07-01;2020-06-30;g;Valor Patrimonial da Ação (Reais Unidade);18.89993400;Consolidado;Real;Unidade
07.628.528/0001-59;2023-06-30;15;132717;BRASILAGRO - CIA BRAS DE PROP AGRICOLAS;2019-07-01;2020-06-30;h;Resultado Básico por Ação;2.10920000;Consolidado;Real;Unidade
07.628.528/0001-59;2023-06-30;15;132717;BRASILAGRO - CIA BRAS DE PROP AGRICOLAS;2019-07-01;2020-06-30;i;Resultado Diluído por Ação;2.09000000;Consolidado;Real;Unidade
07.628.528/0001-59;2023-06-30;15;132717;BRASILAGRO - CIA BRAS DE PROP AGRICOLAS;2020-07-01;2021-06-30;a;Patrimônio Líquido;2182601000.00000000;Consolidado;Real;Unidade
07.628.528/0001-59;2023-06-30;15;132717;BRASILAGRO - CIA BRAS DE PROP AGRICOLAS;2020-07-01;2021-06-30;b;Ativo Total;3428318000.00000000;Consolidado;Real;Unidade
07.628.528/0001-59;2023-06-30;15;132717;BRASILAGRO - CIA BRAS DE PROP AGRICOLAS;2020-07-01;2021-06-30;c;Rec. Liq./Rec. Intermed. Fin./Prem. Seg. Ganhos;662952000.00000000;Consolidado;Real;Unidade
07.628.528/0001-59;2023-06-30;15;132717;BRASILAGRO - CIA BRAS DE PROP AGRICOLAS;2020-07-01;2021-06-30;d;Resultado Bruto;491524000.00000000;Consolidado;Real;Unidade
07.628.528/0001-59;2023-06-30;15;132717;BRASILAGRO - CIA BRAS DE PROP AGRICOLAS;2020-07-01;2021-06-30;e;Resultado Líquido;317646000.00000000;Consolidado;Real;Unidade
07.628.528/0001-59;2023-06-30;15;132717;BRASILAGRO - CIA BRAS DE PROP AGRICOLAS;2020-07-01;2021-06-30;f;Número de Ações, Ex-Tesouraria;99192000.00000000;Consolidado;Real;Unidade
07.628.528/0001-59;2023-06-30;15;132717;BRASILAGRO - CIA BRAS DE PROP AGRICOLAS;2020-07-01;2021-06-30;g;Valor Patrimonial da Ação (Reais Unidade);21.32000000;Consolidado;Real;Unidade
07.628.528/0001-59;2023-06-30;15;132717;BRASILAGRO - CIA BRAS DE PROP AGRICOLAS;2020-07-01;2021-06-30;h;Resultado Básico por Ação;4.56000000;Consolidado;Real;Unidade
07.628.528/0001-59;2023-06-30;15;132717;BRASILAGRO - CIA BRAS DE PROP AGRICOLAS;2020-07-01;2021-06-30;i;Resultado Diluído por Ação;4.45000000;Consolidado;Real;Unidade
07.628.528/0001-59;2023-06-30;15;132717;BRASILAGRO - CIA BRAS DE PROP AGRICOLAS;2021-07-01;2022-06-30;a;Patrimônio Líquido;2216048000.00000000;Consolidado;Real;Unidade
07.628.528/0001-59;2023-06-30;15;132717;BRASILAGRO - CIA BRAS DE PROP AGRICOLAS;2021-07-01;2022-06-30;b;Ativo Total;3345263000.00000000;Consolidado;Real;Unidade
07.628.528/0001-59;2023-06-30;15;132717;BRASILAGRO - CIA BRAS DE PROP AGRICOLAS;2021-07-01;2022-06-30;c;Rec. Liq./Rec. Intermed. Fin./Prem. Seg. Ganhos;1168137000.00000000;Consolidado;Real;Unidade
07.628.528/0001-59;2023-06-30;15;132717;BRASILAGRO - CIA BRAS DE PROP AGRICOLAS;2021-07-01;2022-06-30;d;Resultado Bruto;775925000.00000000;Consolidado;Real;Unidade
07.628.528/0001-59;2023-06-30;15;132717;BRASILAGRO - CIA BRAS DE PROP AGRICOLAS;2021-07-01;2022-06-30;e;Resultado Líquido;520100000.00000000;Consolidado;Real;Unidade
07.628.528/0001-59;2023-06-30;15;132717;BRASILAGRO - CIA BRAS DE PROP AGRICOLAS;2021-07-01;2022-06-30;f;Número de Ações, Ex-Tesouraria;98844000.00000000;Consolidado;Real;Unidade
07.628.528/0001-59;2023-06-30;15;132717;BRASILAGRO - CIA BRAS DE PROP AGRICOLAS;2021-07-01;2022-06-30;g;Valor Patrimonial da Ação (Reais Unidade);21.64000000;Consolidado;Real;Unidade
07.628.528/0001-59;2023-06-30;15;132717;BRASILAGRO - CIA BRAS DE PROP AGRICOLAS;2021-07-01;2022-06-30;h;Resultado Básico por Ação;5.26180000;Consolidado;Real;Unidade
07.628.528/0001-59;2023-06-30;15;132717;BRASILAGRO - CIA BRAS DE PROP AGRICOLAS;2021-07-01;2022-06-30;i;Resultado Diluído por Ação;5.23000000;Consolidado;Real;Unidade
08.070.508/0001-78;2023-03-31;8;128940;RAIZEN ENERGIA S.A.;2019-04-01;2020-03-31;a;Patrimônio Líquido;7588177000.00000000;Consolidado;Real;Unidade
08.070.508/0001-78;2023-03-31;8;128940;RAIZEN ENERGIA S.A.;2019-04-01;2020-03-31;b;Ativo Total;44900004000.00000000;Consolidado;Real;Unidade
08.070.508/0001-78;2023-03-31;8;128940;RAIZEN ENERGIA S.A.;2019-04-01;2020-03-31;c;Rec. Liq./Rec. Intermed. Fin./Prem. Seg. Ganhos;30710614000.00000000;Consolidado;Real;Unidade
08.070.508/0001-78;2023-03-31;8;128940;RAIZEN ENERGIA S.A.;2019-04-01;2020-03-31;d;Resultado Bruto;2387944000.00000000;Consolidado;Real;Unidade
08.070.508/0001-78;2023-03-31;8;128940;RAIZEN ENERGIA S.A.;2019-04-01;2020-03-31;e;Resultado Líquido;273979000.00000000;Consolidado;Real;Unidade
08.070.508/0001-78;2023-03-31;8;128940;RAIZEN ENERGIA S.A.;2019-04-01;2020-03-31;f;Número de Ações, Ex-Tesouraria;7376625656.00000000;Consolidado;Real;Unidade
08.070.508/0001-78;2023-03-31;8;128940;RAIZEN ENERGIA S.A.;2019-04-01;2020-03-31;g;Valor Patrimonial da Ação (Reais Unidade);1.02900000;Consolidado;Real;Unidade
08.070.508/0001-78;2023-03-31;8;128940;RAIZEN ENERGIA S.A.;2019-04-01;2020-03-31;h;Resultado Básico por Ação;0.02400000;Consolidado;Real;Unidade
08.070.508/0001-78;2023-03-31;8;128940;RAIZEN ENERGIA S.A.;2019-04-01;2020-03-31;i;Resultado Diluído por Ação;0.02400000;Consolidado;Real;Unidade
08.070.508/0001-78;2023-03-31;8;128940;RAIZEN ENERGIA S.A.;2020-04-01;2021-03-31;a;Patrimônio Líquido;6909313000.00000000;Consolidado;Real;Unidade
08.070.508/0001-78;2023-03-31;8;128940;RAIZEN ENERGIA S.A.;2020-04-01;2021-03-31;b;Ativo Total;43529876000.00000000;Consolidado;Real;Unidade
08.070.508/0001-78;2023-03-31;8;128940;RAIZEN ENERGIA S.A.;2020-04-01;2021-03-31;c;Rec. Liq./Rec. Intermed. Fin./Prem. Seg. Ganhos;32090805000.00000000;Consolidado;Real;Unidade
08.070.508/0001-78;2023-03-31;8;128940;RAIZEN ENERGIA S.A.;2020-04-01;2021-03-31;d;Resultado Bruto;3670615000.00000000;Consolidado;Real;Unidade
08.070.508/0001-78;2023-03-31;8;128940;RAIZEN ENERGIA S.A.;2020-04-01;2021-03-31;e;Resultado Líquido;593948000.00000000;Consolidado;Real;Unidade
08.070.508/0001-78;2023-03-31;8;128940;RAIZEN ENERGIA S.A.;2020-04-01;2021-03-31;f;Número de Ações, Ex-Tesouraria;7376625656.00000000;Consolidado;Real;Unidade
08.070.508/0001-78;2023-03-31;8;128940;RAIZEN ENERGIA S.A.;2020-04-01;2021-03-31;g;Valor Patrimonial da Ação (Reais Unidade);0.93700000;Consolidado;Real;Unidade
08.070.508/0001-78;2023-03-31;8;128940;RAIZEN ENERGIA S.A.;2020-04-01;2021-03-31;h;Resultado Básico por Ação;0.08500000;Consolidado;Real;Unidade
08.070.508/0001-78;2023-03-31;8;128940;RAIZEN ENERGIA S.A.;2020-04-01;2021-03-31;i;Resultado Diluído por Ação;0.09000000;Consolidado;Real;Unidade
08.070.508/0001-78;2023-03-31;8;128940;RAIZEN ENERGIA S.A.;2021-04-01;2022-03-31;a;Patrimônio Líquido;13595854000.00000000;Consolidado;Real;Unidade
08.070.508/0001-78;2023-03-31;8;128940;RAIZEN ENERGIA S.A.;2021-04-01;2022-03-31;b;Ativo Total;58575598000.00000000;Consolidado;Real;Unidade
08.070.508/0001-78;2023-03-31;8;128940;RAIZEN ENERGIA S.A.;2021-04-01;2022-03-31;c;Rec. Liq./Rec. Intermed. Fin./Prem. Seg. Ganhos;50371140000.00000000;Consolidado;Real;Unidade
08.070.508/0001-78;2023-03-31;8;128940;RAIZEN ENERGIA S.A.;2021-04-01;2022-03-31;d;Resultado Bruto;4530188000.00000000;Consolidado;Real;Unidade
08.070.508/0001-78;2023-03-31;8;128940;RAIZEN ENERGIA S.A.;2021-04-01;2022-03-31;e;Resultado Líquido;1158036000.00000000;Consolidado;Real;Unidade
08.070.508/0001-78;2023-03-31;8;128940;RAIZEN ENERGIA S.A.;2021-04-01;2022-03-31;f;Número de Ações, Ex-Tesouraria;13120614595.00000000;Consolidado;Real;Unidade
08.070.508/0001-78;2023-03-31;8;128940;RAIZEN ENERGIA S.A.;2021-04-01;2022-03-31;g;Valor Patrimonial da Ação (Reais Unidade);1.03600000;Consolidado;Real;Unidade
08.070.508/0001-78;2023-03-31;8;128940;RAIZEN ENERGIA S.A.;2021-04-01;2022-03-31;h;Resultado Básico por Ação;0.11700000;Consolidado;Real;Unidade
08.070.508/0001-78;2023-03-31;8;128940;RAIZEN ENERGIA S.A.;2021-04-01;2022-03-31;i;Resultado Diluído por Ação;0.12000000;Consolidado;Real;Unidade
08.322.396/0001-03;2023-03-31;4;130511;CERRADINHO BIOENERGIA S.A.;2019-04-01;2020-03-31;a;Patrimônio Líquido;706433356.10000000;Consolidado;Real;Unidade
08.322.396/0001-03;2023-03-31;4;130511;CERRADINHO BIOENERGIA S.A.;2019-04-01;2020-03-31;b;Ativo Total;2728303245.47000000;Consolidado;Real;Unidade
08.322.396/0001-03;2023-03-31;4;130511;CERRADINHO BIOENERGIA S.A.;2019-04-01;2020-03-31;c;Rec. Liq./Rec. Intermed. Fin./Prem. Seg. Ganhos;1179186384.01000000;Consolidado;Real;Unidade
08.322.396/0001-03;2023-03-31;4;130511;CERRADINHO BIOENERGIA S.A.;2019-04-01;2020-03-31;d;Resultado Bruto;277120542.96000000;Consolidado;Real;Unidade
08.322.396/0001-03;2023-03-31;4;130511;CERRADINHO BIOENERGIA S.A.;2019-04-01;2020-03-31;e;Resultado Líquido;108363119.48000000;Consolidado;Real;Unidade
08.322.396/0001-03;2023-03-31;4;130511;CERRADINHO BIOENERGIA S.A.;2019-04-01;2020-03-31;f;Número de Ações, Ex-Tesouraria;458277128.00000000;Consolidado;Real;Unidade
08.322.396/0001-03;2023-03-31;4;130511;CERRADINHO BIOENERGIA S.A.;2019-04-01;2020-03-31;g;Valor Patrimonial da Ação (Reais Unidade);1.54149817;Consolidado;Real;Unidade
08.322.396/0001-03;2023-03-31;4;130511;CERRADINHO BIOENERGIA S.A.;2019-04-01;2020-03-31;h;Resultado Básico por Ação;0.23645762;Consolidado;Real;Unidade
08.322.396/0001-03;2023-03-31;4;130511;CERRADINHO BIOENERGIA S.A.;2019-04-01;2020-03-31;i;Resultado Diluído por Ação;0.23645762;Consolidado;Real;Unidade
08.322.396/0001-03;2023-03-31;4;130511;CERRADINHO BIOENERGIA S.A.;2020-04-01;2021-03-31;a;Patrimônio Líquido;905599281.60000000;Consolidado;Real;Unidade
08.322.396/0001-03;2023-03-31;4;130511;CERRADINHO BIOENERGIA S.A.;2020-04-01;2021-03-31;b;Ativo Total;3075295493.83000000;Consolidado;Real;Unidade
08.322.396/0001-03;2023-03-31;4;130511;CERRADINHO BIOENERGIA S.A.;2020-04-01;2021-03-31;c;Rec. Liq./Rec. Intermed. Fin./Prem. Seg. Ganhos;1663789052.87000000;Consolidado;Real;Unidade
08.322.396/0001-03;2023-03-31;4;130511;CERRADINHO BIOENERGIA S.A.;2020-04-01;2021-03-31;d;Resultado Bruto;495276642.42000000;Consolidado;Real;Unidade
08.322.396/0001-03;2023-03-31;4;130511;CERRADINHO BIOENERGIA S.A.;2020-04-01;2021-03-31;e;Resultado Líquido;264962555.73000000;Consolidado;Real;Unidade
08.322.396/0001-03;2023-03-31;4;130511;CERRADINHO BIOENERGIA S.A.;2020-04-01;2021-03-31;f;Número de Ações, Ex-Tesouraria;458277128.00000000;Consolidado;Real;Unidade
08.322.396/0001-03;2023-03-31;4;130511;CERRADINHO BIOENERGIA S.A.;2020-04-01;2021-03-31;g;Valor Patrimonial da Ação (Reais Unidade);1.97609531;Consolidado;Real;Unidade
08.322.396/0001-03;2023-03-31;4;130511;CERRADINHO BIOENERGIA S.A.;2020-04-01;2021-03-31;h;Resultado Básico por Ação;0.57817102;Consolidado;Real;Unidade
08.322.396/0001-03;2023-03-31;4;130511;CERRADINHO BIOENERGIA S.A.;2020-04-01;2021-03-31;i;Resultado Diluído por Ação;0.57817102;Consolidado;Real;Unidade
08.322.396/0001-03;2023-03-31;4;130511;CERRADINHO BIOENERGIA S.A.;2021-04-01;2022-03-31;a;Patrimônio Líquido;1128165917.32000000;Consolidado;Real;Unidade
08.322.396/0001-03;2023-03-31;4;130511;CERRADINHO BIOENERGIA S.A.;2021-04-01;2022-03-31;b;Ativo Total;3862740097.42000000;Consolidado;Real;Unidade
08.322.396/0001-03;2023-03-31;4;130511;CERRADINHO BIOENERGIA S.A.;2021-04-01;2022-03-31;c;Rec. Liq./Rec. Intermed. Fin./Prem. Seg. Ganhos;2622623331.13000000;Consolidado;Real;Unidade
08.322.396/0001-03;2023-03-31;4;130511;CERRADINHO BIOENERGIA S.A.;2021-04-01;2022-03-31;d;Resultado Bruto;958297614.58000000;Consolidado;Real;Unidade
08.322.396/0001-03;2023-03-31;4;130511;CERRADINHO BIOENERGIA S.A.;2021-04-01;2022-03-31;e;Resultado Líquido;513615244.96000000;Consolidado;Real;Unidade
08.322.396/0001-03;2023-03-31;4;130511;CERRADINHO BIOENERGIA S.A.;2021-04-01;2022-03-31;f;Número de Ações, Ex-Tesouraria;458277128.00000000;Consolidado;Real;Unidade
08.322.396/0001-03;2023-03-31;4;130511;CERRADINHO BIOENERGIA S.A.;2021-04-01;2022-03-31;g;Valor Patrimonial da Ação (Reais Unidade);2.46175479;Consolidado;Real;Unidade
08.322.396/0001-03;2023-03-31;4;130511;CERRADINHO BIOENERGIA S.A.;2021-04-01;2022-03-31;h;Resultado Básico por Ação;1.12075252;Consolidado;Real;Unidade
08.322.396/0001-03;2023-03-31;4;130511;CERRADINHO BIOENERGIA S.A.;2021-04-01;2022-03-31;i;Resultado Diluído por Ação;1.12000000;Consolidado;Real;Unidade
33.453.598/0001-23;2023-03-31;17;130598;RAÍZEN S.A.;2019-04-01;2020-03-31;a;Patrimônio Líquido;4153554000.00000000;Consolidado;Real;Unidade
33.453.598/0001-23;2023-03-31;17;130598;RAÍZEN S.A.;2019-04-01;2020-03-31;b;Ativo Total;29179467000.00000000;Consolidado;Real;Unidade
33.453.598/0001-23;2023-03-31;17;130598;RAÍZEN S.A.;2019-04-01;2020-03-31;c;Rec. Liq./Rec. Intermed. Fin./Prem. Seg. Ganhos;100941193000.00000000;Consolidado;Real;Unidade
33.453.598/0001-23;2023-03-31;17;130598;RAÍZEN S.A.;2019-04-01;2020-03-31;d;Resultado Bruto;4839571000.00000000;Consolidado;Real;Unidade
33.453.598/0001-23;2023-03-31;17;130598;RAÍZEN S.A.;2019-04-01;2020-03-31;e;Resultado Líquido;2100884000.00000000;Consolidado;Real;Unidade
33.453.598/0001-23;2023-03-31;17;130598;RAÍZEN S.A.;2019-04-01;2020-03-31;f;Número de Ações, Ex-Tesouraria;1743415530.00000000;Consolidado;Real;Unidade
33.453.598/0001-23;2023-03-31;17;130598;RAÍZEN S.A.;2019-04-01;2020-03-31;g;Valor Patrimonial da Ação (Reais Unidade);2.38242300;Consolidado;Real;Unidade
33.453.598/0001-23;2023-03-31;17;130598;RAÍZEN S.A.;2019-04-01;2020-03-31;h;Resultado Básico por Ação;1.20503900;Consolidado;Real;Unidade
33.453.598/0001-23;2023-03-31;17;130598;RAÍZEN S.A.;2019-04-01;2020-03-31;i;Resultado Diluído por Ação;1.20503900;Consolidado;Real;Unidade
33.453.598/0001-23;2023-03-31;17;130598;RAÍZEN S.A.;2020-04-01;2021-03-31;a;Patrimônio Líquido;5609842000.00000000;Consolidado;Real;Unidade
33.453.598/0001-23;2023-03-31;17;130598;RAÍZEN S.A.;2020-04-01;2021-03-31;b;Ativo Total;31392153000.00000000;Consolidado;Real;Unidade
33.453.598/0001-23;2023-03-31;17;130598;RAÍZEN S.A.;2020-04-01;2021-03-31;c;Rec. Liq./Rec. Intermed. Fin./Prem. Seg. Ganhos;89415311000.00000000;Consolidado;Real;Unidade
33.453.598/0001-23;2023-03-31;17;130598;RAÍZEN S.A.;2020-04-01;2021-03-31;d;Resultado Bruto;4331345000.00000000;Consolidado;Real;Unidade
33.453.598/0001-23;2023-03-31;17;130598;RAÍZEN S.A.;2020-04-01;2021-03-31;e;Resultado Líquido;1039344000.00000000;Consolidado;Real;Unidade
33.453.598/0001-23;2023-03-31;17;130598;RAÍZEN S.A.;2020-04-01;2021-03-31;f;Número de Ações, Ex-Tesouraria;1743415530.00000000;Consolidado;Real;Unidade
33.453.598/0001-23;2023-03-31;17;130598;RAÍZEN S.A.;2020-04-01;2021-03-31;g;Valor Patrimonial da Ação (Reais Unidade);3.21773100;Consolidado;Real;Unidade
33.453.598/0001-23;2023-03-31;17;130598;RAÍZEN S.A.;2020-04-01;2021-03-31;h;Resultado Básico por Ação;0.59615400;Consolidado;Real;Unidade
33.453.598/0001-23;2023-03-31;17;130598;RAÍZEN S.A.;2020-04-01;2021-03-31;i;Resultado Diluído por Ação;0.59615400;Consolidado;Real;Unidade
33.453.598/0001-23;2023-03-31;17;130598;RAÍZEN S.A.;2021-04-01;2022-03-31;a;Patrimônio Líquido;22258908000.00000000;Consolidado;Real;Unidade
33.453.598/0001-23;2023-03-31;17;130598;RAÍZEN S.A.;2021-04-01;2022-03-31;b;Ativo Total;100344344000.00000000;Consolidado;Real;Unidade
33.453.598/0001-23;2023-03-31;17;130598;RAÍZEN S.A.;2021-04-01;2022-03-31;c;Rec. Liq./Rec. Intermed. Fin./Prem. Seg. Ganhos;191269874000.00000000;Consolidado;Real;Unidade
33.453.598/0001-23;2023-03-31;17;130598;RAÍZEN S.A.;2021-04-01;2022-03-31;d;Resultado Bruto;11699012000.00000000;Consolidado;Real;Unidade
33.453.598/0001-23;2023-03-31;17;130598;RAÍZEN S.A.;2021-04-01;2022-03-31;e;Resultado Líquido;3249563000.00000000;Consolidado;Real;Unidade
33.453.598/0001-23;2023-03-31;17;130598;RAÍZEN S.A.;2021-04-01;2022-03-31;f;Número de Ações, Ex-Tesouraria;10345601684.00000000;Consolidado;Real;Unidade
33.453.598/0001-23;2023-03-31;17;130598;RAÍZEN S.A.;2021-04-01;2022-03-31;g;Valor Patrimonial da Ação (Reais Unidade);2.15153300;Consolidado;Real;Unidade
33.453.598/0001-23;2023-03-31;17;130598;RAÍZEN S.A.;2021-04-01;2022-03-31;h;Resultado Básico por Ação;0.36201200;Consolidado;Real;Unidade
33.453.598/0001-23;2023-03-31;17;130598;RAÍZEN S.A.;2021-04-01;2022-03-31;i;Resultado Diluído por Ação;0.36201200;Consolidado;Real;Unidade
51.466.860/0001-56;2023-03-31;7;129782;SAO MARTINHO S.A.;2019-04-01;2020-03-31;a;Patrimônio Líquido;3346675753.56000000;Consolidado;Real;Unidade
51.466.860/0001-56;2023-03-31;7;129782;SAO MARTINHO S.A.;2019-04-01;2020-03-31;b;Ativo Total;12113526893.16000000;Consolidado;Real;Unidade
51.466.860/0001-56;2023-03-31;7;129782;SAO MARTINHO S.A.;2019-04-01;2020-03-31;c;Rec. Liq./Rec. Intermed. Fin./Prem. Seg. Ganhos;3693860899.08000000;Consolidado;Real;Unidade
51.466.860/0001-56;2023-03-31;7;129782;SAO MARTINHO S.A.;2019-04-01;2020-03-31;d;Resultado Bruto;1176864823.89000000;Consolidado;Real;Unidade
51.466.860/0001-56;2023-03-31;7;129782;SAO MARTINHO S.A.;2019-04-01;2020-03-31;e;Resultado Líquido;639009763.40000000;Consolidado;Real;Unidade
51.466.860/0001-56;2023-03-31;7;129782;SAO MARTINHO S.A.;2019-04-01;2020-03-31;f;Número de Ações, Ex-Tesouraria;346744266.00000000;Consolidado;Real;Unidade
51.466.860/0001-56;2023-03-31;7;129782;SAO MARTINHO S.A.;2019-04-01;2020-03-31;g;Valor Patrimonial da Ação (Reais Unidade);9.60465800;Consolidado;Real;Unidade
51.466.860/0001-56;2023-03-31;7;129782;SAO MARTINHO S.A.;2019-04-01;2020-03-31;h;Resultado Básico por Ação;1.83390042;Consolidado;Real;Unidade
51.466.860/0001-56;2023-03-31;7;129782;SAO MARTINHO S.A.;2019-04-01;2020-03-31;i;Resultado Diluído por Ação;1.83000000;Consolidado;Real;Unidade
51.466.860/0001-56;2023-03-31;7;129782;SAO MARTINHO S.A.;2020-04-01;2021-03-31;a;Patrimônio Líquido;3986588695.63000000;Consolidado;Real;Unidade
51.466.860/0001-56;2023-03-31;7;129782;SAO MARTINHO S.A.;2020-04-01;2021-03-31;b;Ativo Total;12417856242.18000000;Consolidado;Real;Unidade
51.466.860/0001-56;2023-03-31;7;129782;SAO MARTINHO S.A.;2020-04-01;2021-03-31;c;Rec. Liq./Rec. Intermed. Fin./Prem. Seg. Ganhos;4305083911.78000000;Consolidado;Real;Unidade
51.466.860/0001-56;2023-03-31;7;129782;SAO MARTINHO S.A.;2020-04-01;2021-03-31;d;Resultado Bruto;1554247576.24000000;Consolidado;Real;Unidade
51.466.860/0001-56;2023-03-31;7;129782;SAO MARTINHO S.A.;2020-04-01;2021-03-31;e;Resultado Líquido;927124284.91000000;Consolidado;Real;Unidade
51.466.860/0001-56;2023-03-31;7;129782;SAO MARTINHO S.A.;2020-04-01;2021-03-31;f;Número de Ações, Ex-Tesouraria;346375066.00000000;Consolidado;Real;Unidade
51.466.860/0001-56;2023-03-31;7;129782;SAO MARTINHO S.A.;2020-04-01;2021-03-31;g;Valor Patrimonial da Ação (Reais Unidade);11.50945852;Consolidado;Real;Unidade
51.466.860/0001-56;2023-03-31;7;129782;SAO MARTINHO S.A.;2020-04-01;2021-03-31;h;Resultado Básico por Ação;2.67664896;Consolidado;Real;Unidade
51.466.860/0001-56;2023-03-31;7;129782;SAO MARTINHO S.A.;2020-04-01;2021-03-31;i;Resultado Diluído por Ação;2.68000000;Consolidado;Real;Unidade
51.466.860/0001-56;2023-03-31;7;129782;SAO MARTINHO S.A.;2021-04-01;2022-03-31;a;Patrimônio Líquido;5318424913.92000000;Consolidado;Real;Unidade
51.466.860/0001-56;2023-03-31;7;129782;SAO MARTINHO S.A.;2021-04-01;2022-03-31;b;Ativo Total;17359145422.29000000;Consolidado;Real;Unidade
51.466.860/0001-56;2023-03-31;7;129782;SAO MARTINHO S.A.;2021-04-01;2022-03-31;c;Rec. Liq./Rec. Intermed. Fin./Prem. Seg. Ganhos;5719953305.33000000;Consolidado;Real;Unidade
51.466.860/0001-56;2023-03-31;7;129782;SAO MARTINHO S.A.;2021-04-01;2022-03-31;d;Resultado Bruto;2420264407.50000000;Consolidado;Real;Unidade
51.466.860/0001-56;2023-03-31;7;129782;SAO MARTINHO S.A.;2021-04-01;2022-03-31;e;Resultado Líquido;1480868357.16000000;Consolidado;Real;Unidade
51.466.860/0001-56;2023-03-31;7;129782;SAO MARTINHO S.A.;2021-04-01;2022-03-31;f;Número de Ações, Ex-Tesouraria;346375066.00000000;Consolidado;Real;Unidade
51.466.860/0001-56;2023-03-31;7;129782;SAO MARTINHO S.A.;2021-04-01;2022-03-31;g;Valor Patrimonial da Ação (Reais Unidade);15.35452880;Consolidado;Real;Unidade
51.466.860/0001-56;2023-03-31;7;129782;SAO MARTINHO S.A.;2021-04-01;2022-03-31;h;Resultado Básico por Ação;4.27533268;Consolidado;Real;Unidade
51.466.860/0001-56;2023-03-31;7;129782;SAO MARTINHO S.A.;2021-04-01;2022-03-31;i;Resultado Diluído por Ação;4.28000000;Consolidado;Real;Unidade
64.904.295/0001-03;2023-02-28;6;128875;CAMIL ALIMENTOS S.A.;2019-03-01;2020-02-29;a;Patrimônio Líquido;2249372000.00000000;Consolidado;Real;Unidade
64.904.295/0001-03;2023-02-28;6;128875;CAMIL ALIMENTOS S.A.;2019-03-01;2020-02-29;b;Ativo Total;4809389000.00000000;Consolidado;Real;Unidade
64.904.295/0001-03;2023-02-28;6;128875;CAMIL ALIMENTOS S.A.;2019-03-01;2020-02-29;c;Rec. Liq./Rec. Intermed. Fin./Prem. Seg. Ganhos;5396112000.00000000;Consolidado;Real;Unidade
64.904.295/0001-03;2023-02-28;6;128875;CAMIL ALIMENTOS S.A.;2019-03-01;2020-02-29;d;Resultado Bruto;1250837000.00000000;Consolidado;Real;Unidade
64.904.295/0001-03;2023-02-28;6;128875;CAMIL ALIMENTOS S.A.;2019-03-01;2020-02-29;e;Resultado Líquido;239628000.00000000;Consolidado;Real;Unidade
64.904.295/0001-03;2023-02-28;6;128875;CAMIL ALIMENTOS S.A.;2019-03-01;2020-02-29;f;Número de Ações, Ex-Tesouraria;370000000.00000000;Consolidado;Real;Unidade
64.904.295/0001-03;2023-02-28;6;128875;CAMIL ALIMENTOS S.A.;2019-03-01;2020-02-29;g;Valor Patrimonial da Ação (Reais Unidade);6.08000000;Consolidado;Real;Unidade
64.904.295/0001-03;2023-02-28;6;128875;CAMIL ALIMENTOS S.A.;2019-03-01;2020-02-29;h;Resultado Básico por Ação;0.65000000;Consolidado;Real;Unidade
64.904.295/0001-03;2023-02-28;6;128875;CAMIL ALIMENTOS S.A.;2019-03-01;2020-02-29;i;Resultado Diluído por Ação;0.65000000;Consolidado;Real;Unidade
64.904.295/0001-03;2023-02-28;6;128875;CAMIL ALIMENTOS S.A.;2020-03-01;2021-02-28;a;Patrimônio Líquido;2708708000.00000000;Consolidado;Real;Unidade
64.904.295/0001-03;2023-02-28;6;128875;CAMIL ALIMENTOS S.A.;2020-03-01;2021-02-28;b;Ativo Total;6166787000.00000000;Consolidado;Real;Unidade
64.904.295/0001-03;2023-02-28;6;128875;CAMIL ALIMENTOS S.A.;2020-03-01;2021-02-28;c;Rec. Liq./Rec. Intermed. Fin./Prem. Seg. Ganhos;7465979000.00000000;Consolidado;Real;Unidade
64.904.295/0001-03;2023-02-28;6;128875;CAMIL ALIMENTOS S.A.;2020-03-01;2021-02-28;d;Resultado Bruto;1660985000.00000000;Consolidado;Real;Unidade
64.904.295/0001-03;2023-02-28;6;128875;CAMIL ALIMENTOS S.A.;2020-03-01;2021-02-28;e;Resultado Líquido;462676000.00000000;Consolidado;Real;Unidade
64.904.295/0001-03;2023-02-28;6;128875;CAMIL ALIMENTOS S.A.;2020-03-01;2021-02-28;f;Número de Ações, Ex-Tesouraria;366293400.00000000;Consolidado;Real;Unidade
64.904.295/0001-03;2023-02-28;6;128875;CAMIL ALIMENTOS S.A.;2020-03-01;2021-02-28;g;Valor Patrimonial da Ação (Reais Unidade);7.39000000;Consolidado;Real;Unidade
64.904.295/0001-03;2023-02-28;6;128875;CAMIL ALIMENTOS S.A.;2020-03-01;2021-02-28;h;Resultado Básico por Ação;1.26000000;Consolidado;Real;Unidade
64.904.295/0001-03;2023-02-28;6;128875;CAMIL ALIMENTOS S.A.;2020-03-01;2021-02-28;i;Resultado Diluído por Ação;1.26000000;Consolidado;Real;Unidade
64.904.295/0001-03;2023-02-28;6;128875;CAMIL ALIMENTOS S.A.;2021-03-01;2022-02-28;a;Patrimônio Líquido;2879001000.00000000;Consolidado;Real;Unidade
64.904.295/0001-03;2023-02-28;6;128875;CAMIL ALIMENTOS S.A.;2021-03-01;2022-02-28;b;Ativo Total;7930970000.00000000;Consolidado;Real;Unidade
64.904.295/0001-03;2023-02-28;6;128875;CAMIL ALIMENTOS S.A.;2021-03-01;2022-02-28;c;Rec. Liq./Rec. Intermed. Fin./Prem. Seg. Ganhos;9015855000.00000000;Consolidado;Real;Unidade
64.904.295/0001-03;2023-02-28;6;128875;CAMIL ALIMENTOS S.A.;2021-03-01;2022-02-28;d;Resultado Bruto;1778153000.00000000;Consolidado;Real;Unidade
64.904.295/0001-03;2023-02-28;6;128875;CAMIL ALIMENTOS S.A.;2021-03-01;2022-02-28;e;Resultado Líquido;478721000.00000000;Consolidado;Real;Unidade
64.904.295/0001-03;2023-02-28;6;128875;CAMIL ALIMENTOS S.A.;2021-03-01;2022-02-28;f;Número de Ações, Ex-Tesouraria;360013500.00000000;Consolidado;Real;Unidade
64.904.295/0001-03;2023-02-28;6;128875;CAMIL ALIMENTOS S.A.;2021-03-01;2022-02-28;g;Valor Patrimonial da Ação (Reais Unidade);7.99000000;Consolidado;Real;Unidade
64.904.295/0001-03;2023-02-28;6;128875;CAMIL ALIMENTOS S.A.;2021-03-01;2022-02-28;h;Resultado Básico por Ação;1.33000000;Consolidado;Real;Unidade
64.904.295/0001-03;2023-02-28;6;128875;CAMIL ALIMENTOS S.A.;2021-03-01;2022-02-28;i;Resultado Diluído por Ação;1.33000000;Consolidado;Real;Unidade
68.400.225/0001-79;2023-06-30;4;130053;CLARANET TECHNOLOGY S.A.;2020-01-01;2020-12-31;a;Patrimônio Líquido;33750000.00000000;Individual;Real;Unidade
68.400.225/0001-79;2023-06-30;4;130053;CLARANET TECHNOLOGY S.A.;2020-01-01;2020-12-31;b;Ativo Total;70402000.00000000;Individual;Real;Unidade
68.400.225/0001-79;2023-06-30;4;130053;CLARANET TECHNOLOGY S.A.;2020-01-01;2020-12-31;c;Rec. Liq./Rec. Intermed. Fin./Prem. Seg. Ganhos;70770000.00000000;Individual;Real;Unidade
68.400.225/0001-79;2023-06-30;4;130053;CLARANET TECHNOLOGY S.A.;2020-01-01;2020-12-31;d;Resultado Bruto;33204000.00000000;Individual;Real;Unidade
68.400.225/0001-79;2023-06-30;4;130053;CLARANET TECHNOLOGY S.A.;2020-01-01;2020-12-31;e;Resultado Líquido;5398000.00000000;Individual;Real;Unidade
68.400.225/0001-79;2023-06-30;4;130053;CLARANET TECHNOLOGY S.A.;2020-01-01;2020-12-31;f;Número de Ações, Ex-Tesouraria;74773.00000000;Individual;Real;Unidade
68.400.225/0001-79;2023-06-30;4;130053;CLARANET TECHNOLOGY S.A.;2020-01-01;2020-12-31;g;Valor Patrimonial da Ação (Reais Unidade);0.45136600;Individual;Real;Unidade
68.400.225/0001-79;2023-06-30;4;130053;CLARANET TECHNOLOGY S.A.;2020-01-01;2020-12-31;h;Resultado Básico por Ação;0.05380000;Individual;Real;Unidade
68.400.225/0001-79;2023-06-30;4;130053;CLARANET TECHNOLOGY S.A.;2020-01-01;2020-12-31;i;Resultado Diluído por Ação;0.05000000;Individual;Real;Unidade
68.400.225/0001-79;2023-06-30;4;130053;CLARANET TECHNOLOGY S.A.;2021-01-01;2021-06-30;a;Patrimônio Líquido;94988000.00000000;Individual;Real;Unidade
68.400.225/0001-79;2023-06-30;4;130053;CLARANET TECHNOLOGY S.A.;2021-01-01;2021-06-30;b;Ativo Total;273181000.00000000;Individual;Real;Unidade
68.400.225/0001-79;2023-06-30;4;130053;CLARANET TECHNOLOGY S.A.;2021-01-01;2021-06-30;c;Rec. Liq./Rec. Intermed. Fin./Prem. Seg. Ganhos;53186000.00000000;Individual;Real;Unidade
68.400.225/0001-79;2023-06-30;4;130053;CLARANET TECHNOLOGY S.A.;2021-01-01;2021-06-30;d;Resultado Bruto;17353000.00000000;Individual;Real;Unidade
68.400.225/0001-79;2023-06-30;4;130053;CLARANET TECHNOLOGY S.A.;2021-01-01;2021-06-30;e;Resultado Líquido;2536000.00000000;Individual;Real;Unidade
68.400.225/0001-79;2023-06-30;4;130053;CLARANET TECHNOLOGY S.A.;2021-01-01;2021-06-30;f;Número de Ações, Ex-Tesouraria;74773.00000000;Individual;Real;Unidade
68.400.225/0001-79;2023-06-30;4;130053;CLARANET TECHNOLOGY S.A.;2021-01-01;2021-06-30;g;Valor Patrimonial da Ação (Reais Unidade);0.79994600;Individual;Real;Unidade
68.400.225/0001-79;2023-06-30;4;130053;CLARANET TECHNOLOGY S.A.;2021-01-01;2021-06-30;h;Resultado Básico por Ação;0.02710000;Individual;Real;Unidade
68.400.225/0001-79;2023-06-30;4;130053;CLARANET TECHNOLOGY S.A.;2021-01-01;2021-06-30;i;Resultado Diluído por Ação;0.03000000;Individual;Real;Unidade
68.400.225/0001-79;2023-06-30;4;130053;CLARANET TECHNOLOGY S.A.;2021-07-01;2022-06-30;a;Patrimônio Líquido;83470000.00000000;Individual;Real;Unidade
68.400.225/0001-79;2023-06-30;4;130053;CLARANET TECHNOLOGY S.A.;2021-07-01;2022-06-30;b;Ativo Total;330895000.00000000;Individual;Real;Unidade
68.400.225/0001-79;2023-06-30;4;130053;CLARANET TECHNOLOGY S.A.;2021-07-01;2022-06-30;c;Rec. Liq./Rec. Intermed. Fin./Prem. Seg. Ganhos;145807000.00000000;Individual;Real;Unidade
68.400.225/0001-79;2023-06-30;4;130053;CLARANET TECHNOLOGY S.A.;2021-07-01;2022-06-30;d;Resultado Bruto;49252000.00000000;Individual;Real;Unidade
68.400.225/0001-79;2023-06-30;4;130053;CLARANET TECHNOLOGY S.A.;2021-07-01;2022-06-30;e;Resultado Líquido;-14716000.00000000;Individual;Real;Unidade
68.400.225/0001-79;2023-06-30;4;130053;CLARANET TECHNOLOGY S.A.;2021-07-01;2022-06-30;f;Número de Ações, Ex-Tesouraria;118743.00000000;Individual;Real;Unidade
68.400.225/0001-79;2023-06-30;4;130053;CLARANET TECHNOLOGY S.A.;2021-07-01;2022-06-30;g;Valor Patrimonial da Ação (Reais Unidade);0.70294700;Individual;Real;Unidade
68.400.225/0001-79;2023-06-30;4;130053;CLARANET TECHNOLOGY S.A.;2021-07-01;2022-06-30;h;Resultado Básico por Ação;-0.11860000;Individual;Real;Unidade
68.400.225/0001-79;2023-06-30;4;130053;CLARANET TECHNOLOGY S.A.;2021-07-01;2022-06-30;i;Resultado Diluído por Ação;-0.12000000;Individual;Real;Unidade
88.613.658/0001-10;2023-06-30;13;132743;PETTENATI S.A. INDUSTRIA TEXTIL;2019-07-01;2020-06-30;a;Patrimônio Líquido;302797274.00000000;Consolidado;Real;Unidade
88.613.658/0001-10;2023-06-30;13;132743;PETTENATI S.A. INDUSTRIA TEXTIL;2019-07-01;2020-06-30;b;Ativo Total;701368666.00000000;Consolidado;Real;Unidade
88.613.658/0001-10;2023-06-30;13;132743;PETTENATI S.A. INDUSTRIA TEXTIL;2019-07-01;2020-06-30;d;Resultado Bruto;48710403.00000000;Consolidado;Real;Unidade
88.613.658/0001-10;2023-06-30;13;132743;PETTENATI S.A. INDUSTRIA TEXTIL;2019-07-01;2020-06-30;e;Resultado Líquido;-2183192.00000000;Consolidado;Real;Unidade
88.613.658/0001-10;2023-06-30;13;132743;PETTENATI S.A. INDUSTRIA TEXTIL;2019-07-01;2020-06-30;g;Valor Patrimonial da Ação (Reais Unidade);5.12054325;Consolidado;Real;Unidade
88.613.658/0001-10;2023-06-30;13;132743;PETTENATI S.A. INDUSTRIA TEXTIL;2019-07-01;2020-06-30;h;Resultado Básico por Ação;-0.04543915;Consolidado;Real;Unidade
88.613.658/0001-10;2023-06-30;13;132743;PETTENATI S.A. INDUSTRIA TEXTIL;2020-07-01;2021-06-30;a;Patrimônio Líquido;342492503.00000000;Consolidado;Real;Unidade
88.613.658/0001-10;2023-06-30;13;132743;PETTENATI S.A. INDUSTRIA TEXTIL;2020-07-01;2021-06-30;b;Ativo Total;722286755.00000000;Consolidado;Real;Unidade
88.613.658/0001-10;2023-06-30;13;132743;PETTENATI S.A. INDUSTRIA TEXTIL;2020-07-01;2021-06-30;d;Resultado Bruto;136076574.00000000;Consolidado;Real;Unidade
88.613.658/0001-10;2023-06-30;13;132743;PETTENATI S.A. INDUSTRIA TEXTIL;2020-07-01;2021-06-30;e;Resultado Líquido;53106158.00000000;Consolidado;Real;Unidade
88.613.658/0001-10;2023-06-30;13;132743;PETTENATI S.A. INDUSTRIA TEXTIL;2020-07-01;2021-06-30;g;Valor Patrimonial da Ação (Reais Unidade);5.74476322;Consolidado;Real;Unidade
88.613.658/0001-10;2023-06-30;13;132743;PETTENATI S.A. INDUSTRIA TEXTIL;2020-07-01;2021-06-30;h;Resultado Básico por Ação;1.10530780;Consolidado;Real;Unidade
88.613.658/0001-10;2023-06-30;13;132743;PETTENATI S.A. INDUSTRIA TEXTIL;2021-07-01;2022-06-30;a;Patrimônio Líquido;414166221.00000000;Consolidado;Real;Unidade
88.613.658/0001-10;2023-06-30;13;132743;PETTENATI S.A. INDUSTRIA TEXTIL;2021-07-01;2022-06-30;b;Ativo Total;815840657.00000000;Consolidado;Real;Unidade
88.613.658/0001-10;2023-06-30;13;132743;PETTENATI S.A. INDUSTRIA TEXTIL;2021-07-01;2022-06-30;d;Resultado Bruto;137248856.00000000;Consolidado;Real;Unidade
88.613.658/0001-10;2023-06-30;13;132743;PETTENATI S.A. INDUSTRIA TEXTIL;2021-07-01;2022-06-30;e;Resultado Líquido;67507925.00000000;Consolidado;Real;Unidade
88.613.658/0001-10;2023-06-30;13;132743;PETTENATI S.A. INDUSTRIA TEXTIL;2021-07-01;2022-06-30;g;Valor Patrimonial da Ação (Reais Unidade);6.99488953;Consolidado;Real;Unidade
88.613.658/0001-10;2023-06-30;13;132743;PETTENATI S.A. INDUSTRIA TEXTIL;2021-07-01;2022-06-30;h;Resultado Básico por Ação;1.40505430;Consolidado;Real;Unidade
