CNPJ_Companhia;Data_Referencia;Versao;ID_Documento;Nome_Companhia;Valor_Mobiliario;Quantidade_Pessoa_Fisica;Quantidade_Pessoa_Juridica;Quantidade_Investidor
00.001.180/0001-26;2023-12-31;23;136627;CENTRAIS ELET BRAS S.A. - ELETROBRAS;Debêntures;30599;204;1628
00.001.180/0001-26;2023-12-31;23;136627;CENTRAIS ELET BRAS S.A. - ELETROBRAS;Nota Comercial;0;1;4303
00.192.769/0001-59;2023-12-31;1;127620;NEUMARKT TRADE AND FINANCIAL CENTER S/A;Debêntures;0;1;0
00.194.724/0001-13;2023-12-31;7;137743;AES BRASIL OPERAÇÕES S.A.;Debêntures;5446;0;749
00.242.184/0001-04;2023-12-31;9;137763;ARMAC LOCAÇÃO, LOGÍSTICA E SERVIÇOS S.A.;Certificado de Recebíveis do Agronegócio;0;0;7
00.242.184/0001-04;2023-12-31;9;137763;ARMAC LOCAÇÃO, LOGÍSTICA E SERVIÇOS S.A.;Debêntures;0;0;212
00.383.281/0001-09;2023-12-31;4;137655;BNDES PARTICIPACOES S.A. - BNDESPAR;Debêntures;0;0;0
00.389.481/0001-79;2023-12-31;6;136664;LM TRANSPORTES INTERESTADUAIS SERVIÇOS E COMÉRCIO S.A.;Debêntures;3;2;302
00.622.416/0001-41;2023-12-31;3;131091;STATKRAFT ENERGIAS RENOVAVEIS S.A.;Debêntures;0;1;0
00.776.574/0001-56;2023-12-31;14;138478;AMERICANAS S.A. - EM RECUPERAÇÃO JUDICIAL;Debêntures;3286;1598;1083
00.864.214/0001-06;2023-12-31;19;137075;ENERGISA S.A.;Debêntures;23278;206;801
00.864.214/0001-06;2023-12-31;19;137075;ENERGISA S.A.;Nota Comercial;0;2;136
00.873.894/0001-24;2023-12-31;2;134610;LETS RENT A CAR S/A;Debêntures;0;1;0
00.873.894/0001-24;2023-12-31;2;134610;LETS RENT A CAR S/A;Nota Comercial;0;1;0
00.897.864/0001-58;2023-12-31;1;124388;SANTA CATARINA PART INVEST SA;Debêntures;1;31;0
00.924.429/0001-75;2023-12-31;9;137128;FERROVIA CENTRO-ATLANTICA S.A.;Debêntures;0;2;56
00.938.574/0001-05;2023-12-31;6;135809;CONC RIO-TERESOPOLIS S.A.;Debêntures Conversíveis;0;5;0
01.027.058/0001-91;2023-12-31;14;137009;CIELO S.A. -  INSTITUIÇÃO DE PAGAMENTO;Debêntures;0;201;1
01.083.200/0001-18;2023-12-31;10;137710;NEOENERGIA S.A.;Debêntures;15890;30;211
01.107.327/0001-20;2023-12-31;6;136712;BBM LOGÍSTICA S.A.;Debêntures;0;8;38
01.319.044/0001-41;2023-12-31;1;127623;WTC AMAZONAS SUITE HOTEL S.A.;Debêntures;0;153153;0
01.543.032/0001-04;2023-12-31;5;136704;EQUATORIAL GOIÁS DISTRIBUIDORA DE ENERGIA S.A.;Debêntures;6654;76;625
01.545.826/0001-07;2023-12-31;27;138489;GAFISA S.A.;Bônus de Subscrição;1426;54;0
01.545.826/0001-07;2023-12-31;27;138489;GAFISA S.A.;Debêntures;0;1;0
01.599.101/0001-93;2023-12-31;32;137735;SEQUOIA LOGÍSTICA E TRANSPORTES S.A.;Debêntures;0;0;71
01.599.101/0001-93;2023-12-31;32;137735;SEQUOIA LOGÍSTICA E TRANSPORTES S.A.;Debêntures Conversíveis;3;0;49
01.616.929/0001-02;2023-12-31;7;136173;SANEAMENTO DE GOIAS SA;Debêntures;2;1;251
01.637.895/0001-32;2023-12-31;8;133933;VOTORANTIM CIMENTOS S.A.;Debêntures;0;17;21
01.838.723/0001-27;2023-12-31;11;135972;BRF S.A.;Certificado de Recebíveis do Agronegócio;9036;103;8
01.838.723/0001-27;2023-12-31;11;135972;BRF S.A.;Debêntures;44952;668;110
01.917.818/0001-36;2023-12-31;7;133954;LIGHT ENERGIA S.A.;Debêntures;0;0;1
01.957.772/0001-89;2023-12-31;2;130691;SUL 116 PARTICIPACOES S.A.;Debêntures;0;0;0
01.968.293/0001-68;2023-12-31;3;135774;ELETRORIVER S.A.;Debêntures;0;0;1
01.989.044/0001-59;2023-12-31;1;127736;WTC RIO EMPREEND. E PARTICIPAÇÕES S.A.;Debêntures;0;678;0
02.031.413/0001-69;2023-12-31;7;135946;PETRO RIO JAGUAR PETRÓLEO S.A.;Debêntures;3297;43;242
02.041.460/0001-93;2023-12-31;6;137864;V. TAL - REDE NEUTRA DE TELECOMUNICAÇÕES S.A.;Debêntures;2;172;0
02.149.205/0001-69;2023-12-31;10;137754;PORTO SEGURO S.A.;Debêntures;0;0;5
02.149.205/0001-69;2023-12-31;10;137754;PORTO SEGURO S.A.;Letras Financeiras;0;0;27
02.201.787/0001-85;2023-12-31;4;133316;CEL PARTICIPAÇÕES S.A. - CELPAR;Debêntures;0;1;6
02.255.187/0001-08;2023-12-31;8;136653;UNIFIQUE TELECOMUNICAÇÕES S.A.;Debêntures;305;4;15
02.281.836/0001-37;2023-12-31;1;127674;TRANSNORDESTINA LOGISTICA SA;Debêntures;0;1;1
02.286.479/0001-08;2023-12-31;6;133773;LOCALIZA FLEET S.A.;Debêntures;78;30;49
02.291.077/0001-93;2023-12-31;2;129159;PRODUTORES ENERGET.DE MANSO S.A.- PROMAN;Debêntures;1;0;7
02.302.100/0001-06;2023-12-31;3;134202;EDP SÃO PAULO DISTRIBUIÇÃO DE ENERGIA S.A.;Debêntures;1;78;234
02.302.100/0001-06;2023-12-31;3;134202;EDP SÃO PAULO DISTRIBUIÇÃO DE ENERGIA S.A.;Nota Comercial;0;0;7
02.328.280/0001-97;2023-12-31;9;135991;ELEKTRO REDES S.A.;Debêntures;822;4;538
02.382.073/0001-10;2023-12-31;5;136556;PROLAGOS S/A - CONC.DE SERVICOS PÚBLICOS DE ÁGUA E ESGOTO;Debêntures;0;1;73
02.387.241/0001-60;2023-12-31;17;137808;RUMO S.A.;Debêntures;42987;729;13
02.421.421/0001-11;2023-12-31;8;135622;TIM S.A.;Debêntures;0;0;1
02.451.848/0001-62;2023-12-31;2;135880;CONC SIST ANHANG-BANDEIRANT S.A. AUTOBAN;Debêntures;0;5;362
02.474.103/0001-19;2023-12-31;11;136621;ENGIE BRASIL ENERGIA S.A.;Debêntures;26914;357;177
02.502.844/0001-66;2023-12-31;5;136583;RUMO MALHA PAULISTA S.A.;Debêntures;4454;177;8
02.509.186/0001-34;2023-12-31;1;127973;TRIÂNGULO DO SOL AUTO-ESTRADAS S.A.;Debêntures;0;0;0
02.509.491/0001-26;2023-12-31;7;135929;CONC ECOVIAS IMIGRANTES S.A.;Debêntures;11915;39;216
02.560.878/0001-07;2023-12-31;2;128642;HOSPITAL ANCHIETA S.A.;Debêntures;87;1;138
02.591.787/0001-39;2023-12-31;4;127141;CAPITALPART PARTICIPACOES S.A.;Bônus de Subscrição;0;0;0
02.600.854/0001-34;2023-12-31;4;131159;TIM BRASIL SERVIÇOS E PARTICIPAÇÕES S.A.;Debêntures;0;17;671
02.635.522/0001-95;2023-03-31;8;129807;JALLES MACHADO S.A.;Debêntures;2;4;1
02.724.983/0001-34;2023-12-31;2;132617;SANESALTO SANEAMENTO S.A.;Debêntures;0;1;5
02.762.121/0001-04;2023-12-31;9;136600;SANTOS BRASIL PARTICIPACOES S.A.;Debêntures;0;1;59
02.783.423/0001-50;2023-12-31;1;128149;ALTERE SECURITIZADORA S.A.;Certificado de Recebíveis do Agronegócio;489;2;0
02.783.423/0001-50;2023-12-31;1;128149;ALTERE SECURITIZADORA S.A.;Certificados de Recebíveis Imobiliários;175;1;0
02.800.026/0001-40;2023-12-31;16;137698;COGNA EDUCAÇÃO S.A.;Debêntures;3615;394;204
02.846.056/0001-97;2023-12-31;10;136034;CCR S.A.;Debêntures;6830;90;595
02.846.056/0001-97;2023-12-31;10;136034;CCR S.A.;Nota Comercial;0;2;67
02.860.694/0001-62;2023-12-31;10;137709;T4F ENTRETENIMENTO S.A.;Debêntures;0;1;0
02.919.555/0001-67;2023-12-31;6;136161;ARTERIS S.A.;Debêntures;2783;15;446
02.932.074/0001-91;2023-12-31;9;137158;HYPERA S.A.;Debêntures;0;0;2
02.998.301/0001-81;2023-12-31;11;137175;RIO PARANAPANEMA ENERGIA S.A.;Debêntures;0;0;80
02.998.611/0001-04;2023-12-31;11;137825;CTEEP - CIA TRANSMISSÃO ENERGIA ELÉTRICA PAULISTA;Debêntures;20548;121;317
03.025.305/0001-46;2023-12-31;1;127964;RODOVIAS DAS COLINAS S.A.;Debêntures;48;297;345
03.207.703/0001-83;2023-12-31;2;131260;CONCESSIONARIA DE RODOVIAS DO INTERIOR PAULISTA S/A;Debêntures;0;0;0
03.220.438/0001-73;2023-12-31;15;137644;EQUATORIAL ENERGIA S.A.;Debêntures;1;190;5
03.279.285/0001-30;2023-12-31;13;137736;ORIZON MEIO AMBIENTE S.A.;Debêntures;10511;71505;817984
03.467.321/0001-99;2023-12-31;9;137724;ENERGISA MATO GROSSO-DISTRIBUIDORA DE ENERGIA S/A;Debêntures;373;42;392
03.467.321/0001-99;2023-12-31;9;137724;ENERGISA MATO GROSSO-DISTRIBUIDORA DE ENERGIA S/A;Nota Comercial;0;0;9
03.758.318/0001-24;2023-12-31;11;136579;INVESTIMENTOS E PARTICIP. EM INFRA S.A. - INVEPAR;Debêntures Conversíveis;0;1;3
03.767.538/0001-14;2023-12-31;4;133905;BRAZILIAN SECURITIES CIA SECURITIZACAO;Certificado de Recebíveis do Agronegócio;267;2;0
03.767.538/0001-14;2023-12-31;4;133905;BRAZILIAN SECURITIES CIA SECURITIZACAO;Certificados de Recebíveis Imobiliários;1362;72;0
03.795.050/0001-09;2023-12-31;3;135958;TERMOPERNAMBUCO S.A.;Debêntures;0;1;0
03.820.456/0001-96;2023-12-31;3;135201;BSB ENERGÉTICA S.A.;Debêntures;0;0;1
03.853.896/0001-40;2023-12-31;13;135325;MARFRIG GLOBAL FOODS S.A.;Debêntures;0;1;0
03.953.509/0001-47;2023-12-31;5;136657;CPFL GERACAO DE ENERGIA S.A.;Debêntures;0;0;13
03.983.431/0001-03;2023-12-31;6;135695;EDP - ENERGIAS DO BRASIL S.A.;Debêntures;737;1;20
04.032.433/0001-80;2023-12-31;8;134628;ATMA PARTICIPAÇÕES S.A. - EM RECUPERAÇÃO JUDICIAL;Debêntures Conversíveis;10;2;21
04.065.053/0001-41;2023-12-31;2;133304;BRZ EMPREENDIMENTOS E CONSTRUÇÕES S.A.;Debêntures;0;1;0
04.089.570/0001-50;2023-12-31;3;136178;ÁGUAS GUARIROBA S.A;Debêntures;309;30;210
04.149.454/0001-80;2023-12-31;5;135938;ECORODOVIAS INFRAESTRUTURA E LOGÍSTICA S.A.;Debêntures;0;0;3
04.172.213/0001-51;2023-12-31;5;135828;CIA PIRATININGA DE FORCA E LUZ;Debêntures;0;12;8
04.200.649/0001-07;2023-12-31;14;130507;COMPANHIA PROVINCIA DE SECURITIZACAO;Certificado de Recebíveis do Agronegócio;22;22;6
04.200.649/0001-07;2023-12-31;14;130507;COMPANHIA PROVINCIA DE SECURITIZACAO;Certificados de Recebíveis Imobiliários;138;4;30
04.212.396/0001-91;2023-12-31;6;136490;AGASUS S.A.;Debêntures;7;0;33
04.212.396/0001-91;2023-12-31;6;136490;AGASUS S.A.;Nota Comercial;0;0;6
04.368.865/0001-66;2023-12-31;5;136813;LIGGA TELECOMUNICAÇÕES S.A.;Debêntures;1;0;98
04.368.898/0001-06;2023-12-31;5;136015;COPEL DISTRIBUIÇÃO S.A.;Debêntures;4568;364;65
04.370.282/0001-70;2023-12-31;7;136011;COPEL GERAÇÃO E TRANSMISSÃO S.A.;Debêntures;6784;704;89
04.423.567/0001-21;2023-12-31;13;136750;ENEVA S.A;Debêntures;35380;385;849
04.423.567/0001-21;2023-12-31;13;136750;ENEVA S.A;Nota Comercial;0;0;1
04.437.534/0001-30;2023-12-31;2;133495;LOCAMÉRICA RENT-A-CAR S.A.;Debêntures;495;43;140
04.739.720/0001-24;2023-12-31;7;132182;USINA TERMELÉTRICA PAMPA SUL S.A.;Debêntures;12180;298;0
04.752.991/0001-10;2023-12-31;19;137854;BIOMM S.A.;Bônus de Subscrição;466;74;0
04.821.041/0001-08;2023-12-31;5;137910;METALFRIO SOLUTIONS S.A.;Debêntures;0;0;1
04.895.728/0001-80;2023-12-31;10;138025;EQUATORIAL PARÁ DISTRIBUIDORA DE ENERGIA S.A.;Debêntures;2933;54;181
04.972.092/0001-22;2023-12-31;3;134391;GRUPO FARTURA DE HORTIFRUT S.A.;Debêntures;0;0;3
04.986.320/0001-13;2023-12-31;7;137911;SER EDUCACIONAL S.A.;Debêntures;0;0;37
04.992.714/0001-84;2023-12-31;10;136720;NOVA TRANSPORTADORA DO SUDESTE S.A. - NTS;Debêntures;0;0;1302
04.992.714/0001-84;2023-12-31;10;136720;NOVA TRANSPORTADORA DO SUDESTE S.A. - NTS;Nota Comercial;0;0;2
05.197.443/0001-38;2023-12-31;18;137749;HAPVIDA PARTICIPAÇÕES E INVESTIMENTOS S.A.;Debêntures;598;13150;9136252
05.336.882/0001-84;2023-12-31;1;127751;CACHOEIRA PAULISTA TRANSMISSORA ENERGIA S.A.;Debêntures;0;0;67
05.878.397/0001-32;2023-12-31;12;137501;ALLOS S.A.;Debêntures;0;5;282
05.917.486/0001-40;2023-12-31;6;135924;LIVETECH DA BAHIA INDÚSTRIA E COMÉRCIO S.A.;Debêntures;204;114;0
06.016.348/0001-53;2023-01-01;1;127379;VENTOS DO SUL ENERGIA S.A.;Debêntures;0;0;7
06.047.087/0001-39;2023-12-31;8;137033;REDE D'OR SÃO LUIZ S.A.;Debêntures;321;285;896
06.047.087/0001-39;2023-12-31;8;137033;REDE D'OR SÃO LUIZ S.A.;Nota Comercial;0;0;10
06.057.223/0001-71;2023-12-31;23;137036;SENDAS DISTRIBUIDORA S.A.;Debêntures;0;3;3600000
06.057.223/0001-71;2023-12-31;23;137036;SENDAS DISTRIBUIDORA S.A.;Nota Comercial;0;2;751001
06.164.253/0001-87;2023-12-31;17;137756;GOL LINHAS AEREAS INTELIGENTES S.A.;Bônus de Subscrição;3319;55;0
06.272.793/0001-84;2023-12-31;8;136841;EQUATORIAL MARANHÃO DISTRIBUIDORA DE ENERGIA S.A.;Debêntures;2815;51;61
06.347.409/0001-65;2023-12-31;2;133237;SBF COMÉRCIO DE PRODUTOS ESPORTIVOS S.A.;Debêntures;145;3;248
06.626.253/0001-51;2023-12-31;16;137001;EMPREENDIMENTOS PAGUE MENOS S.A.;Bônus de Subscrição;328;1;15
06.626.253/0001-51;2023-12-31;16;137001;EMPREENDIMENTOS PAGUE MENOS S.A.;Debêntures;0;4;137
06.626.253/0001-51;2023-12-31;16;137001;EMPREENDIMENTOS PAGUE MENOS S.A.;Nota Comercial;0;0;1
06.977.745/0001-91;2023-12-31;2;134104;BR MALLS PARTICIPACOES S.A.;Debêntures;2998;7;25
07.040.108/0001-57;2023-12-31;7;136578;CAGECE - CIA DE AGUA E ESGOTO DO CEARA;Debêntures;878;232;0
07.047.251/0001-70;2023-12-31;8;136509;CIA ENERGETICA DO CEARA - COELCE;Debêntures;5169;51;145
07.119.838/0001-48;2023-12-31;1;127589;SECME - COMPANHIA SECURITIZADORA DE CRÉDITOS IMOBILIÁRIOS;Certificados de Recebíveis Imobiliários;6473;26;14
07.206.816/0001-15;2023-12-31;3;135587;M.DIAS BRANCO S.A. IND COM DE ALIMENTOS;Debêntures;0;0;1
07.206.816/0001-15;2023-12-31;3;135587;M.DIAS BRANCO S.A. IND COM DE ALIMENTOS;Nota Comercial;0;0;1
07.253.321/0001-47;2023-12-31;2;135697;CARBOMIL SA MINER. E INDUSTRIA;Debêntures;0;2;0
07.282.377/0001-20;2023-12-31;5;137079;ENERGISA SUL-SUDESTE - DISTRIBUIDORA DE ENERGIA S/A;Debêntures;230;13;3
07.282.377/0001-20;2023-12-31;5;137079;ENERGISA SUL-SUDESTE - DISTRIBUIDORA DE ENERGIA S/A;Nota Comercial;0;0;1
07.401.436/0001-31;2023-12-31;1;127743;ELDORADO BRASIL CELULOSE S.A.;Debêntures;0;171;0
07.415.333/0001-20;2023-12-31;9;136208;SIMPAR S.A.;Debêntures;9161;1279;573
07.594.978/0001-78;2023-12-31;16;138419;SMARTFIT ESCOLA DE GINÁSTICA E DANÇA S.A.;Debêntures;13;105;259
07.628.528/0001-59;2023-06-30;15;132717;BRASILAGRO - CIA BRAS DE PROP AGRICOLAS;Certificado de Recebíveis do Agronegócio;1630;0;19
07.636.657/0001-99;2023-12-31;4;130244;AÇO VERDE DO BRASIL S.A;Debêntures;0;2;0
07.816.890/0001-53;2023-12-31;7;137757;MULTIPLAN - EMPREEND IMOBILIARIOS S.A.;Debêntures;14;5;315
07.823.262/0001-03;2023-12-31;2;134215;FOZ DO RIO CLARO ENERGIA S.A.;Debêntures;0;0;33
07.859.510/0001-68;2023-12-31;3;131289;JHSF MALLS S.A.;Debêntures;0;0;1
07.859.971/0001-30;2023-12-31;18;137638;TRANSMISSORA ALIANÇA DE ENERGIA ELÉTRICA S.A.;Debêntures;16269;208;475
07.882.930/0001-65;2023-12-31;9;137635;MITRE REALTY EMPREENDIMENTOS E PARTICIPAÇÕES S.A.;Debêntures;0;2;0
07.976.147/0001-60;2023-12-31;3;131570;MOVIDA LOCAÇÃO DE VEÍCULOS S.A.;Debêntures;340;63;37
07.976.147/0001-60;2023-12-31;3;131570;MOVIDA LOCAÇÃO DE VEÍCULOS S.A.;Nota Comercial;0;0;1
08.065.557/0001-12;2023-12-31;13;137939;TECNISA S.A.;Debêntures;0;0;8
08.065.557/0001-12;2023-12-31;13;137939;TECNISA S.A.;Nota Comercial;0;0;1
08.070.508/0001-78;2023-03-31;8;128940;RAIZEN ENERGIA S.A.;Debêntures;21816;246;71
08.159.965/0001-33;2023-12-31;9;134562;IGUA SANEAMENTO S.A.;Debêntures;3770;66;83
08.170.849/0001-15;2023-12-31;17;135989;DESKTOP S.A.;Debêntures;0;0;11
08.213.823/0001-07;2023-12-31;6;135236;AURA ALMAS MINERAÇÃO S.A.;Debêntures;387;188;61
08.262.121/0001-13;2023-12-31;3;138147;ALUBAR METAIS E CABOS S.A.;Debêntures;342;80;422
08.294.224/0001-65;2023-12-31;12;137694;JHSF PARTICIPACOES S.A.;Debêntures;0;0;20
08.312.229/0001-73;2023-12-31;8;137519;EZ TEC EMPREEND. E PARTICIPACOES S.A.;Debêntures;0;0;10
08.322.396/0001-03;2023-03-31;4;130511;CERRADINHO BIOENERGIA S.A.;Debêntures;1210;4;3
08.324.196/0001-81;2023-12-31;9;136190;CIA ENERGETICA DO RIO GDE NORTE - COSERN;Debêntures;2986;15;319
08.324.196/0001-81;2023-12-31;9;136190;CIA ENERGETICA DO RIO GDE NORTE - COSERN;Nota Comercial;0;0;4
08.343.492/0001-20;2023-12-31;19;137479;MRV ENGENHARIA E PARTICIPACOES S.A.;Debêntures;0;108;274
08.364.948/0001-38;2023-12-31;7;135895;ALUPAR INVESTIMENTO S/A;Debêntures;3;2;126
08.397.078/0001-01;2023-12-31;6;136026;GSH CORP PARTICIPAÇÕES S.A.;Debêntures;19;20;106
08.402.943/0001-52;2023-12-31;3;137765;GUARARAPES CONFECCOES S.A.;Debêntures;2;459;0
08.439.659/0001-50;2023-12-31;7;137880;CPFL ENERGIAS RENOVÁVEIS S.A.;Debêntures;0;0;35
08.467.115/0001-00;2023-12-31;10;137686;CIA ESTADUAL DE DISTRIB ENER ELET-CEEE-D;Debêntures;4;198;0
08.764.621/0001-53;2023-12-31;3;130729;GENERAL SHOPPING E OUTLETS DO BRASIL BRASIL S.A.;Debêntures;6;0;1
08.769.451/0001-08;2023-12-31;5;136988;VIRGO COMPANHIA DE SECURITIZAÇÃO;Certificado de Recebíveis do Agronegócio;1900;18;6
08.769.451/0001-08;2023-12-31;5;136988;VIRGO COMPANHIA DE SECURITIZAÇÃO;Certificados de Recebíveis Imobiliários;546;3;34
08.773.135/0001-00;2023-12-31;12;136052;2W ECOBANK S.A.;Bônus de Subscrição;1;1;10
08.773.135/0001-00;2023-12-31;12;136052;2W ECOBANK S.A.;Debêntures;1;0;9
08.797.760/0001-83;2023-12-31;10;137337;CURY CONSTRUTORA E INCORPORADORA S.A.;Debêntures;22;61;24
08.801.621/0001-86;2023-12-31;9;135971;SYN PROP & TECH S.A.;Debêntures;0;10;97
08.807.432/0001-10;2023-12-31;18;137953;YDUQS PARTICIPACOES S.A.;Debêntures;1938;206;2144
08.811.643/0001-27;2023-12-31;6;137607;TRISUL S.A.;Debêntures;0;9;9
08.822.767/0001-08;2023-12-31;1;127970;CONCESSIONÁRIA DA RODOVIA MG-050 S.A.;Debêntures;4513;29;28
08.827.501/0001-58;2023-12-31;8;135985;AEGEA SANEAMENTO E PARTICIPAÇÕES S.A.;Debêntures;4315;490;840
08.873.873/0001-10;2023-12-31;7;135928;ECORODOVIAS CONCESSÕES E SERVIÇOS S.A.;Debêntures;354;114;460
09.041.168/0001-10;2023-12-31;9;136085;LOG COMMERCIAL PROPERTIES E PARTICIPAÇÕES;Debêntures;0;0;4
09.053.134/0001-45;2023-12-31;5;133317;ELFA MEDICAMENTOS S.A.;Bônus de Subscrição;18980314;0;0
09.053.134/0001-45;2023-12-31;5;133317;ELFA MEDICAMENTOS S.A.;Debêntures;0;0;700000000
09.054.385/0001-44;2023-12-31;1;127468;INBRANDS S.A.;Bônus de Subscrição;0;1;0
09.054.385/0001-44;2023-12-31;1;127468;INBRANDS S.A.;Debêntures;0;6;6
09.074.183/0001-64;2023-12-31;1;127682;TRANSBRASILIANA CONCESSIONÁRIA DE RODOVIA S.A;Debêntures;0;0;1
09.095.183/0001-40;2023-12-31;6;137726;ENERGISA PARAÍBA - DISTRIBUIDORA DE ENERGIA S/A;Debêntures;184;17;186
09.095.183/0001-40;2023-12-31;6;137726;ENERGISA PARAÍBA - DISTRIBUIDORA DE ENERGIA S/A;Nota Comercial;0;0;1
09.112.685/0001-32;2023-12-31;6;136743;OSX BRASIL S.A. - EM RECUPERAÇÃO JUDICIAL;Debêntures;0;1;2
09.114.805/0001-30;2023-12-31;13;137832;OCEANPACT SERVIÇOS MARITIMOS S.A.;Debêntures;0;0;14
09.146.451/0001-06;2023-12-31;8;135850;KALLAS INCORPORAÇÕES E CONSTRUÇÕES S.A.;Debêntures;40;74;0
09.257.877/0001-37;2023-12-31;9;136086;FERROVIA NORTE SUL S/A;Debêntures;0;0;32
09.267.996/0001-70;2023-12-31;9;137987;YUNY INCORPORADORA HOLDING S.A.;Certificados de Recebíveis Imobiliários;0;0;1
09.267.996/0001-70;2023-12-31;9;137987;YUNY INCORPORADORA HOLDING S.A.;Nota Comercial;0;0;4
09.288.252/0001-32;2023-12-31;15;138415;ANIMA HOLDING S.A.;Debêntures;0;0;90
09.305.994/0001-29;2023-12-31;14;137785;AZUL S.A.;Debêntures Conversíveis;0;0;3
09.313.969/0001-97;2023-12-31;6;132775;AUTOPISTA LITORAL SUL;Debêntures;23179;302;137
09.326.342/0001-70;2023-12-31;3;131702;AUTOPISTA FERNÃO DIAS SA;Debêntures;1;0;7
09.346.601/0001-25;2023-12-31;17;137720;B3 S.A. - BRASIL, BOLSA, BALCÃO;Debêntures;0;26;556
09.347.516/0001-81;2023-12-31;12;136820;ELETROMIDIA S.A.;Debêntures;0;1;0
09.359.927/0001-97;2023-12-31;3;135608;ASA BRANCA HOLDING S.A.;Debêntures;0;0;63
09.391.823/0001-60;2023-12-31;11;135817;SANTO ANTONIO ENERGIA S.A.;Debêntures;5832;84;19
09.414.761/0001-64;2023-12-31;1;127734;K-INFRA RODOVIA DO AÇO S.A.;Debêntures;0;0;0
09.478.309/0001-66;2023-12-31;2;133187;BRASIL BIOFUELS S.A.;Debêntures;34;4;8
09.584.854/0001-37;2023-12-31;3;133661;MANAUS TRANSMISSORA DE ENERGIA S.A;Debêntures;0;0;86
09.611.768/0001-76;2023-12-31;4;138011;INC EMPREENDIMENTOS IMOBILIÁRIOS S.A.;Debêntures;0;0;1
09.625.321/0001-56;2023-12-31;3;133665;NORTE BRASIL TRANSMISSORA DE ENERGIA S.A.;Debêntures;756;42;0
09.813.204/0001-16;2023-12-31;2;134424;W2W E-COMMERCE DE VINHOS S.A.;Bônus de Subscrição;6;3;9
09.813.204/0001-16;2023-12-31;2;134424;W2W E-COMMERCE DE VINHOS S.A.;Debêntures;0;28;0
09.813.204/0001-16;2023-12-31;2;134424;W2W E-COMMERCE DE VINHOS S.A.;Debêntures Conversíveis;0;1;0
10.215.988/0001-60;2023-12-31;5;133774;COMPANHIA DE LOCAÇÃO DAS AMÉRICAS;Certificado de Recebíveis do Agronegócio;0;0;1
10.215.988/0001-60;2023-12-31;5;133774;COMPANHIA DE LOCAÇÃO DAS AMÉRICAS;Debêntures;14843;2010;287
10.215.988/0001-60;2023-12-31;5;133774;COMPANHIA DE LOCAÇÃO DAS AMÉRICAS;Nota Comercial;0;0;3
10.234.027/0001-00;2023-12-31;4;137080;LINHAS DE MACAPÁ TRANSMISSORA DE ENERGIA S/A;Debêntures;0;1;0
10.240.186/0001-00;2023-12-31;4;137081;LINHAS DE XINGU TRANSMISSORA DE ENERGIA S/A;Debêntures;157;13;6
10.285.590/0001-08;2023-12-31;10;137695;GRUPO DE MODA SOMA S.A.;Debêntures;36;20;43
10.319.900/0001-50;2023-12-31;2;135836;CICLUS AMBIENTAL RIO S/A;Debêntures;168;3;3
10.319.900/0001-50;2023-12-31;2;135836;CICLUS AMBIENTAL RIO S/A;Nota Comercial;0;2;0
10.324.624/0001-18;2023-12-31;5;137863;CONCESSÃO METROVIÁRIA DO RIO DE JANEIRO S.A.;Debêntures;13722;340;139
10.452.416/0001-02;2023-12-31;5;133479;REAG INVESTIMENTOS S.A.;Certificado de Recebíveis do Agronegócio;0;0;0
10.488.244/0001-19;2023-12-31;2;136018;INFRASEC SECURITIZADORA S.A.;Certificados de Recebíveis Imobiliários;0;0;4
10.531.501/0001-58;2023-12-31;3;128332;CONC AUTO RAPOSO TAVARES S.A.;Debêntures;10427;43;163
10.571.175/0001-02;2023-12-31;10;136844;URBA DESENVOLVIMENTO URBANO S.A.;Debêntures;0;5;3
10.635.691/0001-53;2023-12-31;1;127914;VIARONDON CONCESSIONÁRIA DE RODOVIA S.A.;Debêntures;0;0;0
10.647.979/0001-48;2023-12-31;4;132792;CONC ROTA DAS BANDEIRAS S.A.;Debêntures;21898;686;0
10.678.505/0001-63;2023-12-31;2;131701;CONC RODOVIAS DO TIETÊ S.A.- EM RECUPERAÇÃO JUDICIAL;Debêntures;15600;70;19
10.760.260/0001-19;2023-12-31;23;138038;CVC BRASIL OPERADORA E AGÊNCIA DE VIAGENS S.A.;Bônus de Subscrição;705;2;165
10.760.260/0001-19;2023-12-31;23;138038;CVC BRASIL OPERADORA E AGÊNCIA DE VIAGENS S.A.;Debêntures;92;9;92
10.835.932/0001-08;2023-12-31;9;135992;CIA ENERGETICA DE PERNAMBUCO - CELPE;Debêntures;654;10;633
10.835.932/0001-08;2023-12-31;9;135992;CIA ENERGETICA DE PERNAMBUCO - CELPE;Nota Comercial;0;0;4
10.841.050/0001-55;2023-12-31;5;135933;CONC ROD AYRTON SENNA E CARV PINTO S.A.-ECOPISTAS;Debêntures;13;10;39
10.851.805/0001-00;2023-12-31;1;130805;FLEX GESTÃO DE RELACIONAMENTOS S.A.-EM RECUPERAÇÃO JUDICIAL;Debêntures;0;0;2
11.257.352/0001-43;2023-12-31;2;128319;BSI CAPITAL SECURITIZADORA S.A.;Certificado de Recebíveis do Agronegócio;0;2;0
11.257.352/0001-43;2023-12-31;2;128319;BSI CAPITAL SECURITIZADORA S.A.;Certificados de Recebíveis Imobiliários;2;6;0
11.284.204/0001-18;2023-12-31;7;135896;YOU INC INCORPORADORA E PARTICIPAÇÃO S.A;Debêntures;0;4;0
11.421.994/0001-36;2023-12-31;18;137737;ORIZON VALORIZAÇÃO DE RESÍDUOS S.A.;Debêntures;0;1;0
11.669.021/0001-10;2023-12-31;14;135683;ENAUTA PARTICIPAÇÕES S.A.;Debêntures;4;0;97
11.992.680/0001-93;2023-12-31;11;137624;QUALICORP CONSULTORIA E CORRETORA DE SEGUROS S.A.;Debêntures;0;217;0
12.049.631/0001-84;2023-12-31;4;133256;MOURA DUBEUX ENGENHARIA S/A;Debêntures;0;1;0
12.049.631/0001-84;2023-12-31;4;133256;MOURA DUBEUX ENGENHARIA S/A;Nota Comercial;0;1;0
12.091.809/0001-55;2023-12-31;26;137857;3R PETROLEUM ÓLEO E GÁS S.A.;Debêntures;0;0;163
12.104.241/0004-02;2023-12-31;16;137913;ONCOCLÍNICAS DO BRASIL SERVIÇOS MÉDICOS S.A.;Bônus de Subscrição;75;0;1
12.104.241/0004-02;2023-12-31;16;137913;ONCOCLÍNICAS DO BRASIL SERVIÇOS MÉDICOS S.A.;Debêntures;0;0;84
12.104.241/0004-02;2023-12-31;16;137913;ONCOCLÍNICAS DO BRASIL SERVIÇOS MÉDICOS S.A.;Nota Comercial;0;1;0
12.300.288/0001-07;2023-12-31;8;136892;NORTE ENERGIA S.A.;Debêntures;0;0;1
12.420.164/0001-57;2023-12-31;15;137746;CM HOSPITALAR S.A;Debêntures;0;466;0
12.489.315/0001-23;2023-12-31;2;134183;FERREIRA GOMES ENERGIA S.A.;Debêntures;1764;4;36
12.528.708/0001-07;2023-12-31;11;135653;AERIS IND. E COM. DE EQUIP. PARA GER. DE ENG. S.A.;Debêntures;172273;330774;796953
12.592.831/0001-89;2023-12-31;4;132727;MNLT S.A.;Debêntures;0;0;80
12.648.266/0001-24;2023-12-31;14;138892;AMBIPAR PARTICIPAÇÕES E EMPREENDIMENTOS S.A.;Debêntures;0;0;57
12.648.327/0001-53;2023-12-31;21;137833;HIDROVIAS DO BRASIL S.A.;Debêntures;0;90;0
12.919.786/0001-24;2023-12-31;2;136821;TCP TERMINAL DE CONTEINERES DE PARANAGUA SA;Debêntures;0;0;0
13.017.462/0001-63;2023-12-31;6;137082;ENERGISA SERGIPE - DISTRIBUIDORA DE ENERGIA S/A;Debêntures;135;32;31
13.017.462/0001-63;2023-12-31;6;137082;ENERGISA SERGIPE - DISTRIBUIDORA DE ENERGIA S/A;Nota Comercial;0;0;1
13.270.520/0001-66;2023-12-31;13;137760;KORA SAÚDE PARTICIPAÇÕES S.A.;Debêntures;87;1;157
13.574.594/0001-96;2023-12-31;16;136609;ZAMP SA;Debêntures;3;0;246
13.574.594/0001-96;2023-12-31;16;136609;ZAMP SA;Nota Comercial;0;0;3
13.584.310/0001-42;2023-12-31;3;129865;SUGOI S.A.;Certificados de Recebíveis Imobiliários;0;0;1
13.783.221/0004-78;2023-12-31;3;134131;MADERO INDÚSTRIA E COMÉRCIO S.A.;Debêntures;0;0;8
14.110.585/0001-07;2023-12-31;15;137804;MÉLIUZ S.A.;Bônus de Subscrição;43;4;1
14.292.540/0001-09;2023-12-31;2;130879;BRAZIL TOWER, CESSÃO DE INFRA-ESTRUTURAS S.A;Debêntures;0;15;0
14.388.334/0001-99;2023-12-31;11;135518;PARANA BCO S.A.;Letras Financeiras;16;0;27
14.785.152/0001-51;2023-12-31;8;137799;HBR REALTY EMPREENDIMENTOS IMOBILIÁRIOS S.A.;Debêntures;0;4;0
14.998.371/0001-19;2023-12-31;5;136057;J. MACEDO S.A.;Debêntures;0;440000;0
15.090.690/0001-94;2023-12-31;4;136175;CONCESSIONARIA ECOVIAS DO ARAGUAIA S.A.;Debêntures;0;0;1
15.114.494/0001-02;2023-12-31;7;136174;CORREDOR LOGÍSTICA E INFRAESTRUTURA S.A.;Debêntures;0;12;86
15.139.629/0001-94;2023-12-31;14;135917;CIA ELETRICIDADE EST. DA BAHIA - COELBA;Debêntures;1088;7;613
15.139.629/0001-94;2023-12-31;14;135917;CIA ELETRICIDADE EST. DA BAHIA - COELBA;Nota Comercial;0;0;4
15.413.826/0001-50;2023-12-31;6;137077;ENERGISA MATO GROSSO DO SUL - DIST DE ENERGIA S.A.;Debêntures;283;17;220
15.413.826/0001-50;2023-12-31;6;137077;ENERGISA MATO GROSSO DO SUL - DIST DE ENERGIA S.A.;Nota Comercial;0;0;2
15.440.708/0001-30;2023-12-31;5;136169;CONCESSIONÁRIA VIARIO S.A.;Debêntures;0;1;60
15.494.541/0001-90;2023-12-31;2;135195;SALUS INFRAESTRUTURA PORTUARIA SA;Debêntures;49;41;0
15.578.569/0001-06;2023-12-31;10;137995;CONC DO AEROPORTO INTERNACIONAL DE GUARULHOS S.A.;Debêntures;10453;47;0
16.233.389/0001-55;2023-12-31;7;135762;CVLB BRASIL S.A;Debêntures;0;2;0
16.404.287/0001-55;2023-12-31;12;137725;SUZANO S.A.;Debêntures;0;139;140
16.614.075/0001-00;2023-12-31;10;137670;DIRECIONAL ENGENHARIA S.A.;Debêntures;8;50;129
16.670.085/0001-55;2023-12-31;16;137317;LOCALIZA RENT A CAR S.A.;Debêntures;5175;970;287
16.670.085/0001-55;2023-12-31;16;137317;LOCALIZA RENT A CAR S.A.;Nota Comercial;0;1;3
16.676.520/0001-59;2023-12-31;9;137955;HOSPITAL MATER DEI S.A.;Debêntures;0;0;18
16.811.931/0001-00;2023-12-31;14;135498;ALPHAVILLE S.A.;Bônus de Subscrição;14;0;1
16.811.931/0001-00;2023-12-31;14;135498;ALPHAVILLE S.A.;Debêntures;0;4;0
16.838.421/0001-26;2023-12-31;1;127690;XP INVESTIMENTOS S.A.;Debêntures;0;1;246
17.162.082/0001-73;2023-12-31;1;127635;MENDES JUNIOR ENGENHARIA S.A.;Debêntures;0;2;1
17.162.280/0001-37;2023-12-31;5;131619;EMPRESA BRASILEIRA DE ENGENHARIA E COMÉRCIO S.A. EBEC;Debêntures;31;63;8
17.281.106/0001-03;2023-12-31;23;136672;CIA SANEAMENTO DE MINAS GERAIS-COPASA MG;Debêntures;5901;103;493
17.314.329/0001-20;2023-12-31;12;135495;INTERNATIONAL MEAL COMPANY ALIMENTACAO S.A.;Debêntures;0;27;2
17.314.329/0001-20;2023-12-31;12;135495;INTERNATIONAL MEAL COMPANY ALIMENTACAO S.A.;Nota Comercial;0;2;0
18.328.118/0001-09;2023-12-31;8;136960;PET CENTER COMÉRCIO E PARTICIPAÇÕES S.A.;Debêntures;10;71;4
18.494.485/0001-82;2023-12-31;3;133285;PORTO SUDESTE V.M. S.A.;Título de Investimento Coletivo;594;2;0
18.572.225/0001-88;2023-12-31;1;127889;CONCEBRA - CONCESSIONARIA DAS RODOVIAS CENTRAIS DO BRASIL;Certificados de Recebíveis Imobiliários;0;0;0
18.903.785/0001-78;2023-12-31;5;136179;HOLDING DO ARAGUAIA S.A.;Debêntures;5295;105;157
19.208.022/0001-70;2023-12-31;7;133336;ECO050 CONCESSIONÁRIA DE RODOVIAS S.A.;Debêntures;121;1;27
19.378.769/0001-76;2023-12-31;3;128238;INSTITUTO HERMES PARDINI S.A.;Debêntures;26;6;95
19.403.252/0001-90;2023-12-31;9;137277;EMCCAMP RESIDENCIAL S.A.;Debêntures;0;13;0
19.527.586/0001-75;2023-12-31;4;131209;COMPANHIA ENERGÉTICA SINOP S/A;Debêntures;470;11;8
19.527.639/0001-58;2023-12-31;4;137071;ENERGISA MINAS RIO - DISTRIBUIDORA DE ENERGIA S/A;Debêntures;98;1;69
19.527.639/0001-58;2023-12-31;4;137071;ENERGISA MINAS RIO - DISTRIBUIDORA DE ENERGIA S/A;Nota Comercial;0;0;1
19.796.586/0001-70;2023-12-31;4;135488;BRISANET PARTICIPAÇÕES S.A.;Debêntures;0;0;94
20.247.322/0001-47;2023-12-31;10;135659;ALLIED TECNOLOGIA S.A.;Debêntures;0;0;10
20.512.706/0001-40;2023-12-31;14;136109;VITRU BRASIL EMPREENDIMENTOS, PARTICIPAÇÕES E COMÉRCIO S.A.;Debêntures;0;0;4
20.514.555/0001-69;2023-12-31;3;131338;ARGO VI TRANSMISSÃO DE ENERGIA S.A.;Debêntures;417;0;30
20.514.590/0001-88;2023-12-31;3;131337;ARGO V TRANSMISSÃO DE ENERGIA S.A.;Debêntures;86;0;27
21.240.146/0001-84;2023-12-31;16;136597;AGROGALAXY PARTICIPAÇÕES S.A.;Debêntures;4752;57;31
21.314.559/0001-66;2023-12-31;20;137252;MOVIDA PARTICIPACOES SA;Debêntures;672;19449;1318
21.314.559/0001-66;2023-12-31;20;137252;MOVIDA PARTICIPACOES SA;Nota Comercial;0;0;2
21.389.501/0001-81;2023-12-31;10;136680;COMPASS GÁS E ENERGIA S.A.;Debêntures;0;0;49
21.728.083/0001-00;2023-12-31;3;131342;ARGO VII TRANSMISSÃO DE ENERGIA S.A.;Debêntures;0;0;27
22.163.297/0001-49;2023-12-31;5;135931;CONCESSIONÁRIA PONTE RIO-NITERÓI S.A. - ECOPONTE;Debêntures;58;0;46
22.261.473/0001-85;2023-12-31;11;137116;COMPANHIA DE GÁS DE MINAS GERAIS - GASMIG;Debêntures;3478;11;64
23.096.269/0001-19;2023-12-31;6;135705;RIO PARANA ENERGIA S.A.;Debêntures;0;0;49
23.236.821/0001-27;2023-12-31;5;135757;PATRIMAR ENGENHARIA S.A.;Debêntures;0;1;1
23.373.000/0001-32;2023-12-31;18;136159;VAMOS LOCAÇÃO DE CAMINHÕES, MÁQUINAS E EQUIPAMENTOS S.A.;Debêntures;8293;1604;647
23.373.000/0001-32;2023-12-31;18;136159;VAMOS LOCAÇÃO DE CAMINHÕES, MÁQUINAS E EQUIPAMENTOS S.A.;Nota Comercial;0;0;1
23.438.929/0001-00;2023-12-31;6;133243;TRIPLE PLAY BRASIL PARTICIPAÇÕES S.A.;Debêntures;12;0;59
24.230.275/0001-80;2023-12-31;2;136596;PLANO & PLANO DESENVOLVIMENTO IMOBILIÁRIO S.A.;Debêntures;0;0;1
24.396.489/0001-20;2023-12-31;10;136914;BRK AMBIENTAL PARTICIPAÇÕES S.A.;Debêntures;0;0;37
24.624.490/0001-65;2023-12-31;3;131336;ARGO TRANSMISSÃO DE ENERGIA S/A;Debêntures;0;0;1
24.921.465/0001-43;2023-12-31;3;131996;BLUEFIT ACADEMIAS DE GINÁSTICA E PARTICIPAÇÕES S.A.;Bônus de Subscrição;0;1;0
24.921.465/0001-43;2023-12-31;3;131996;BLUEFIT ACADEMIAS DE GINÁSTICA E PARTICIPAÇÕES S.A.;Debêntures;0;0;34
24.921.465/0001-43;2023-12-31;3;131996;BLUEFIT ACADEMIAS DE GINÁSTICA E PARTICIPAÇÕES S.A.;Nota Comercial;0;1;0
24.962.466/0001-36;2023-12-31;6;135531;RUMO MALHA NORTE S.A.;Debêntures;0;0;1
25.249.439/0001-83;2023-12-31;5;134235;HOSPITAL CARE CALEDONIA S.A.;Debêntures;0;12;0
25.369.840/0001-57;2023-12-31;11;137379;COMERC ENERGIA S.A.;Debêntures;2384;135;759
26.462.693/0001-28;2023-12-31;4;136129;LAVVI EMPREENDIMENTOS IMOBILIÁRIOS S.A.;Nota Comercial;0;1;0
26.609.050/0001-64;2023-12-31;1;127905;TRAVESSIA SECURITIZADORA S.A.;Certificado de Recebíveis do Agronegócio;2;2;6
26.609.050/0001-64;2023-12-31;1;127905;TRAVESSIA SECURITIZADORA S.A.;Certificados de Recebíveis Imobiliários;4;0;4
26.659.061/0001-59;2023-12-31;12;137861;MPM CORPÓREOS S.A.;Debêntures;0;8;0
26.659.061/0001-59;2023-12-31;12;137861;MPM CORPÓREOS S.A.;Nota Comercial;0;1;0
26.664.057/0001-89;2023-12-31;4;129153;ENTREVIAS CONCESSIONÁRIA DE RODOVIAS S.A.;Debêntures;4474;46;139
26.845.702/0001-60;2023-12-31;2;131453;EQUATORIAL TRANSMISSORA 7 SPE S.A.;Debêntures;0;1;0
26.845.702/0001-60;2023-12-31;2;131453;EQUATORIAL TRANSMISSORA 7 SPE S.A.;Nota Comercial;0;1;0
26.982.634/0001-80;2023-12-31;2;131326;TURBI COMPARTILHAMENTO DE VEÍCULOS S.A.;Debêntures;4;0;14
27.093.558/0001-15;2023-12-31;9;138941;MILLS LOCAÇÃO, SERVIÇOS E LOGÍSTICA S.A.;Debêntures;0;7;58
27.157.474/0001-06;2023-12-31;2;132908;ÁGUAS DE TERESINA SANEAMENTO SPE S.A.;Debêntures;371;1;167
27.157.474/0001-06;2023-12-31;2;132908;ÁGUAS DE TERESINA SANEAMENTO SPE S.A.;Nota Comercial;0;0;1
27.967.244/0001-02;2023-12-31;2;131454;EQUATORIAL TRANSMISSORA 8 SPE S.A.;Debêntures;1592;40;26
27.967.244/0001-02;2023-12-31;2;131454;EQUATORIAL TRANSMISSORA 8 SPE S.A.;Nota Comercial;0;1;0
28.019.100/0001-89;2023-12-31;3;131243;VIAPAULISTA S.A.;Debêntures;773;102;102
28.152.650/0001-71;2023-12-31;3;134201;EDP ESPIRITO SANTO DISTRIBUIÇÃO DE ENERGIA S.A.;Debêntures;0;42;93
28.152.650/0001-71;2023-12-31;3;134201;EDP ESPIRITO SANTO DISTRIBUIÇÃO DE ENERGIA S.A.;Nota Comercial;0;0;14
28.201.130/0001-01;2023-12-31;6;137078;ENERGISA TRANSMISSÃO DE ENERGIA S/A;Debêntures;970;57;180
28.201.130/0001-01;2023-12-31;6;137078;ENERGISA TRANSMISSÃO DE ENERGIA S/A;Nota Comercial;0;0;1
28.594.234/0001-23;2023-12-31;9;137267;AUREN ENERGIA S.A.;Debêntures;0;2;32
28.925.264/0001-75;2023-12-31;5;131861;COMPANHIA ENERGÉTICA JAGUARA;Debêntures;1625;95;0
28.942.127/0001-49;2023-12-31;4;131865;COMPANHIA ENERGÉTICA MIRANDA;Debêntures;946;60;0
29.780.061/0001-09;2023-12-31;10;137931;SAO CARLOS EMPREEND E PARTICIPACOES S.A.;Debêntures;0;0;2
29.884.545/0001-90;2023-12-31;5;135937;ECORIOMINAS CONCESSIONÁRIA DE RODOVIAS S.A.;Debêntures;0;5;0
29.980.141/0001-08;2023-12-31;7;137329;OCEÂNICA ENGENHARIA E CONSULTORIA S.A.;Debêntures;0;6;8
29.980.141/0001-08;2023-12-31;7;137329;OCEÂNICA ENGENHARIA E CONSULTORIA S.A.;Nota Comercial;0;1;0
30.213.493/0001-09;2023-12-31;4;135143;TEGRA INCORPORADORA S.A.;Debêntures;0;1;0
30.540.991/0001-66;2023-12-31;4;136008;HAGA S.A. INDUSTRIA E COMERCIO;Ações;35;5310;1
31.001.230/0001-07;2023-12-31;3;132600;CELEO REDES TRANSMISSÃO DE ENERGIA S.A.;Debêntures;0;0;134
31.748.174/0001-60;2023-12-31;10;135631;VERO S.A.;Debêntures;817;0;36
32.021.201/0001-61;2023-12-31;12;134315;ORIGEM ENERGIA S.A.;Debêntures;7481;127;48
32.431.519/0001-10;2023-12-31;2;131753;HÉLIO VALGAS SOLAR PARTICIPAÇÕES S.A.;Debêntures;1986;77;209
32.681.371/0001-72;2023-12-31;3;134520;VIX LOGÍSTICA S.A.;Debêntures;276;90;364
33.000.167/0001-01;2023-12-31;26;137831;PETROLEO BRASILEIRO S.A. PETROBRAS;Debêntures;62790;155;466
33.000.167/0001-01;2023-12-31;26;137831;PETROLEO BRASILEIRO S.A. PETROBRAS;Nota Comercial;0;195;1
33.035.536/0001-00;2023-12-31;4;135887;JOAO FORTES ENGENHARIA S.A. - EM RECUPERAÇÃO JUDICIAL;Ações;5324;19;1
33.041.260/0652-90;2023-12-31;23;137451;GRUPO CASAS BAHIA S.A.;Debêntures;4077;35;222
33.050.196/0001-88;2023-12-31;5;136539;CIA PAULISTA DE FORCA E LUZ;Debêntures;0;19;14
33.102.476/0001-92;2023-12-31;4;137041;MONTEIRO ARANHA S.A.;Debêntures;0;0;2
33.113.309/0001-47;2023-12-31;12;136868;VALID SOLUÇÕES S.A.;Debêntures;0;101;0
33.256.439/0001-39;2023-12-31;7;137601;ULTRAPAR PARTICIPACOES S.A.;Bônus de Subscrição;7;0;0
33.352.394/0001-04;2023-12-31;5;135886;CIA ESTADUAL DE ÁGUAS E ESGOTOS - CEDAE;Debêntures;0;0;0
33.376.989/0001-91;2023-12-31;13;137703;IRB - BRASIL RESSEGUROS S.A.;Debêntures;1596;155;130
33.453.598/0001-23;2023-03-31;17;130598;RAÍZEN S.A.;Bônus de Subscrição;0;0;0
33.453.598/0001-23;2023-03-31;17;130598;RAÍZEN S.A.;Debêntures;0;1;0
33.541.368/0001-16;2023-12-31;6;136210;CIA HIDRO ELÉTRICA DO SÃO FRANCISCO;Debêntures;637;9;35
33.958.695/0001-78;2023-12-31;15;135966;UNIPAR CARBOCLORO S.A.;Debêntures;110;234;72
33.958.695/0001-78;2023-12-31;15;135966;UNIPAR CARBOCLORO S.A.;Nota Comercial;0;9;3
34.274.233/0001-02;2023-12-31;22;138000;VIBRA ENERGIA S/A;Debêntures;0;7;19
35.522.178/0001-87;2023-12-31;2;133348;CIA SECURITIZADORA DE CRED. FIN. CARTÕES CONSIGNADOS II;Debêntures;0;1;0
35.593.905/0001-05;2023-12-31;7;135936;CONCESSIONÁRIA ECOVIAS DO CERRADO S.A.;Debêntures;0;2;31
35.822.503/0001-27;2023-12-31;6;138054;INSPIRALI EDUCAÇÃO S.A.;Debêntures;0;0;5
35.980.592/0001-30;2023-12-31;1;128158;ELEA DIGITAL INFRAESTRUTURA E REDES DE TELECOMUNICAÇÕES S.A.;Debêntures;0;3;0
36.146.575/0001-64;2023-12-31;3;128330;EIXO SP CONCESSIONÁRIA DE RODOVIAS S.A.;Debêntures;0;0;3
36.542.025/0001-64;2023-12-31;5;134174;BRQ SOLUCOES EM INFORMATICA S.A.;Debêntures;0;0;1
37.663.076/0001-07;2023-12-31;15;137741;AES BRASIL ENERGIA S.A.;Debêntures;0;2;0
37.702.340/0001-74;2023-12-31;2;130746;MONTE RODOVIAS S.A.;Debêntures;4;17;22
38.199.406/0001-18;2023-12-31;2;133614;RIO ALTO ENERGIAS RENOVÁVEIS S.A.;Debêntures;0;12;2
38.456.921/0001-36;2023-12-31;14;136778;INFRACOMMERCE CXAAS S.A.;Bônus de Subscrição;285;4;87
38.456.921/0001-36;2023-12-31;14;136778;INFRACOMMERCE CXAAS S.A.;Debêntures;0;0;2
38.456.921/0001-36;2023-12-31;14;136778;INFRACOMMERCE CXAAS S.A.;Nota Comercial;0;0;1
38.482.780/0001-26;2023-12-31;4;134652;ANEMUS WIND HOLDING S.A.;Debêntures;5065;0;91
39.346.861/0350-38;2023-12-31;7;137657;CENCOSUD BRASIL COMERCIAL S.A.;Nota Comercial;0;0;1
39.580.673/0001-01;2023-12-31;6;137846;BRK AMBIENTAL - REGIÃO METROPOLITANA DE MACEIÓ S.A.;Debêntures;6102;81;136
40.180.943/0001-68;2023-12-31;3;131377;REFINARIA DE MANAUS S.A.;Debêntures;0;4;0
40.263.170/0001-83;2023-12-31;4;135922;SOLVI ESSENCIS AMBIENTAL S.A.;Debêntures;0;0;27
40.480.481/0001-02;2023-12-31;1;129132;RIO ALTO STL HOLDING I S.A.;Debêntures;0;3;6
40.593.395/0001-06;2023-12-31;3;128889;IFIN PARTICIPAÇÕES S.A.;Debêntures;305;24;150
41.508.382/0001-46;2023-12-31;3;136191;RODOVIAS DO BRASIL HOLDING S.A.;Debêntures;1;142;0
41.570.356/0001-48;2023-12-31;10;133426;VRENTAL LOCAÇÃO DE MÁQUINAS E EQUIPAMENTOS S.A.;Debêntures;0;1;30
41.570.356/0001-48;2023-12-31;10;133426;VRENTAL LOCAÇÃO DE MÁQUINAS E EQUIPAMENTOS S.A.;Nota Comercial;0;1;0
41.570.356/0001-48;2023-12-31;10;133426;VRENTAL LOCAÇÃO DE MÁQUINAS E EQUIPAMENTOS S.A.;Valor Mobiliário Não Registrado;0;0;1
41.886.692/0001-02;2023-12-31;4;137399;CONCESSIONARIA ROTA DE SANTA MARIA S.A;Debêntures;0;0;1
42.150.391/0001-70;2023-12-31;11;137858;BRASKEM S.A.;Debêntures;7;11;375
42.278.291/0001-24;2023-12-31;10;137740;LOG-IN LOGISTICA INTERMODAL S.A.;Debêntures;446;14;98
42.278.291/0001-24;2023-12-31;10;137740;LOG-IN LOGISTICA INTERMODAL S.A.;Nota Comercial;0;0;4
42.278.473/0001-03;2023-12-31;9;137096;WIZ CO PARTICIPAÇÕES E CORRETAGEM DE SEGUROS S.A.;Debêntures;0;57;13
42.292.007/0001-74;2023-12-31;7;137083;RIO+ SANEAMENTO BL 3 S.A.;Debêntures;3176;68;11
42.310.775/0001-03;2023-12-31;10;134152;ÁGUAS DO RIO 1 SPE S.A.;Debêntures;21500;415;408
42.353.180/0001-35;2023-12-31;6;135470;IGUÁ RIO DE JANEIRO S.A.;Debêntures;0;0;10
42.644.220/0001-06;2023-12-31;10;134153;ÁGUAS DO RIO 4 SPE S.A.;Debêntures;20662;396;393
42.771.949/0001-35;2023-12-31;19;137491;ALLIANÇA SAÚDE E PARTICIPAÇÕES S.A.;Debêntures;0;0;73
42.771.949/0001-35;2023-12-31;19;137491;ALLIANÇA SAÚDE E PARTICIPAÇÕES S.A.;Nota Comercial;0;1;1
43.283.811/0001-50;2023-12-31;1;127902;KALUNGA S.A;Nota Comercial;0;1;1
43.335.774/0001-86;2023-12-31;3;133168;TRAVESSIA SECURITIZADORA DE CRÉDITOS MERCANTIS VI S.A.;Debêntures;0;0;1
43.470.988/0001-65;2023-12-31;11;137609;EVEN CONSTRUTORA E INCORPORADORA S.A.;Certificados de Recebíveis Imobiliários;10437;93;4
43.513.237/0001-89;2023-12-31;1;131652;AUTOMOB S.A.;Debêntures;0;11;0
43.513.237/0001-89;2023-12-31;1;131652;AUTOMOB S.A.;Nota Comercial;0;1;0
43.514.079/0001-81;2023-12-31;7;136167;CLI SUL S.A.;Debêntures;0;2;0
43.776.517/0001-80;2023-12-31;11;136741;CIA SANEAMENTO BASICO EST SAO PAULO;Debêntures;13090;138;795
44.319.688/0001-42;2023-12-31;2;135949;CONCESSIONÁRIA DO SISTEMA RODOVIÁRIO RIO-SÃO PAULO S.A;Debêntures;0;0;19
44.854.238/0001-50;2023-12-31;3;135504;PARSAN S.A.;Debêntures;5;43;8
45.242.914/0001-05;2023-12-31;4;131429;C&A MODAS S.A.;Debêntures;0;0;37
45.242.914/0001-05;2023-12-31;4;131429;C&A MODAS S.A.;Nota Comercial;0;4;0
45.456.117/0001-12;2023-12-31;4;133995;ÁGUAS DO SERTÃO S.A.;Debêntures;0;0;4
45.736.131/0001-70;2023-12-31;7;133354;UNIDAS LOCADORA S.A.;Debêntures;0;4;0
45.736.131/0001-70;2023-12-31;7;133354;UNIDAS LOCADORA S.A.;Nota Comercial;0;1;0
47.508.411/0001-56;2023-12-31;9;134287;CIA BRASILEIRA DE DISTRIBUICAO;Debêntures;0;19;181
47.508.411/0001-56;2023-12-31;9;134287;CIA BRASILEIRA DE DISTRIBUICAO;Nota Comercial;0;6;22
47.509.120/0001-82;2023-12-31;8;137003;BRADESCO LEASING S.A. ARREND MERCANTIL;Debêntures;0;0;1
47.960.950/0001-21;2023-12-31;6;136524;MAGAZINE LUIZA S.A.;Bônus de Subscrição;2;0;0
47.960.950/0001-21;2023-12-31;6;136524;MAGAZINE LUIZA S.A.;Debêntures;16;22;271
47.960.950/0001-21;2023-12-31;6;136524;MAGAZINE LUIZA S.A.;Nota Comercial;0;2;24
48.344.725/0007-19;2023-12-31;1;127742;ALTHAIA S.A. INDÚSTRIA FARMACÊUTICA;Debêntures;99;2;33
49.263.189/0001-02;2023-12-31;5;137787;HELBOR EMPREENDIMENTOS S.A.;Debêntures;0;2;0
49.314.049/0001-08;2023-12-31;2;135346;CONCESSIONÁRIA DE RODOVIAS NOROESTE PAULISTA S.A;Debêntures;0;6;28
49.669.856/0001-43;2023-12-31;11;137826;VESTE S.A. ESTILO;Debêntures;258;19;0
50.564.053/0001-03;2023-12-31;5;137135;BOMBRIL S.A.;Debêntures;0;1;0
50.746.577/0001-15;2023-12-31;13;136131;COSAN S.A.;Debêntures;304;199;1297
51.218.147/0001-93;2023-12-31;2;128182;IGUATEMI EMPRESA DE SHOPPING CENTERS S.A;Debêntures;0;7;174
51.466.860/0001-56;2023-03-31;7;129782;SAO MARTINHO S.A.;Certificado de Recebíveis do Agronegócio;17577;178;0
51.466.860/0001-56;2023-03-31;7;129782;SAO MARTINHO S.A.;Debêntures;0;1;0
52.123.916/0001-32;2023-12-31;3;131674;DORI ALIMENTOS S.A.;Debêntures;0;1;0
52.548.435/0001-79;2023-12-31;9;136718;JSL S.A.;Debêntures;327;84;74
53.113.791/0001-22;2023-12-31;9;136153;TOTVS S.A.;Debêntures;0;0;2
56.444.250/0001-75;2023-12-31;1;127609;HAUSCENTER SA;Debêntures;3;2;6
56.643.018/0001-66;2023-12-31;7;137433;EUCATEX S.A. INDUSTRIA E COMERCIO;Nota Comercial;0;0;1
58.430.828/0001-60;2023-12-31;4;136915;BLAU FARMACÊUTICA S.A.;Debêntures;0;0;2
59.105.999/0001-86;2023-12-31;9;137424;WHIRLPOOL S.A.;Debêntures;0;1;0
59.285.411/0001-13;2023-12-31;17;137010;BCO PAN S.A.;Letras Financeiras;0;26;29
59.981.829/0001-65;2023-12-31;5;138010;RODOBENS SA;Debêntures;0;0;1
60.444.437/0001-46;2023-12-31;7;136668;LIGHT SERVICOS DE ELETRICIDADE S.A.;Debêntures;37382;33;869
60.444.437/0001-46;2023-12-31;7;136668;LIGHT SERVICOS DE ELETRICIDADE S.A.;Nota Comercial;0;1;0
60.537.263/0001-66;2023-12-31;7;137619;ALLPARK EMPREENDIMENTOS, PARTICIPAÇÕES E SERVIÇOS S.A.;Debêntures;0;15;3
60.543.816/0001-93;2023-12-31;13;135854;IGUATEMI S.A.;Debêntures;0;7;174
60.665.981/0001-18;2023-12-31;4;135803;UNIÃO QUÍMICA FARMACÊUTICA NACIONAL S.A.;Debêntures;0;0;32
60.730.348/0001-66;2023-12-31;2;131732;CIA MELHORAMENTOS DE SAO PAULO;Certificados de Recebíveis Imobiliários;74;0;5
60.840.055/0001-31;2023-12-31;12;136614;FLEURY S.A.;Debêntures;5;4;101
60.894.730/0001-05;2023-12-31;19;137617;USINAS SID DE MINAS GERAIS S.A.-USIMINAS;Debêntures;0;0;293
60.933.603/0001-78;2023-12-31;5;136998;CESP - CIA ENERGETICA DE SAO PAULO;Debêntures;0;0;30
61.079.117/0001-05;2023-12-31;15;137696;ALPARGATAS S.A.;Debêntures;0;0;2
61.088.894/0001-08;2023-12-31;5;135748;CAMBUCI S.A.;Debêntures;0;1;0
61.156.113/0001-75;2023-12-31;10;137505;IOCHPE MAXION S.A.;Debêntures;4;16;454
61.189.288/0001-89;2023-12-31;21;138004;MARISA LOJAS S.A.;Debêntures;3;0;1
61.189.288/0001-89;2023-12-31;21;138004;MARISA LOJAS S.A.;Nota Comercial;0;0;2
61.190.096/0001-92;2023-12-31;13;135902;EUROFARMA LABORATÓRIOS S.A.;Debêntures;0;0;73
61.190.096/0001-92;2023-12-31;13;135902;EUROFARMA LABORATÓRIOS S.A.;Nota Comercial;0;0;11
61.409.892/0001-73;2023-12-31;4;136682;COMPANHIA BRASILEIRA DE ALUMÍNIO;Debêntures;0;0;1
61.486.650/0001-83;2023-12-31;19;136991;DIAGNOSTICOS DA AMERICA S.A.;Debêntures;7331;114;1235
61.486.650/0001-83;2023-12-31;19;136991;DIAGNOSTICOS DA AMERICA S.A.;Nota Comercial;0;0;56
61.532.644/0001-15;2023-12-31;6;137667;ITAÚSA S.A.;Debêntures;36;646;629
61.584.140/0001-49;2023-12-31;3;137086;REDE ENERGIA PARTICIPAÇÕES S.A.;Debêntures;0;0;3
61.585.865/0001-51;2023-12-31;10;137915;RAIA DROGASIL S.A.;Debêntures;21;16;225
61.695.227/0001-93;2023-12-31;10;137244;ELETROPAULO METROP. ELET. SAO PAULO S.A.;Debêntures;8243;103;429
61.695.227/0001-93;2023-12-31;10;137244;ELETROPAULO METROP. ELET. SAO PAULO S.A.;Nota Comercial;0;0;8
61.856.571/0001-17;2023-12-31;8;137500;CIA GAS DE SAO PAULO - COMGAS;Debêntures;16710;253;143
62.070.362/0001-06;2023-12-31;7;135617;COMPANHIA DO METROPOLITANO DE SÃO PAULO - METRÔ;Debêntures;2;5;83
62.232.889/0001-90;2023-12-31;3;133524;BCO DAYCOVAL S.A.;Letras Financeiras;0;0;60
62.258.884/0001-36;2023-12-31;5;137829;INTERCEMENT BRASIL S.A.;Debêntures;0;3;0
62.307.848/0001-15;2023-12-31;9;137951;BANCO RCI BRASIL S.A.;Letras Financeiras;0;382;382
64.904.295/0001-03;2023-02-28;6;128875;CAMIL ALIMENTOS S.A.;Debêntures;6597;193;13
67.010.660/0001-24;2023-12-31;6;137136;RNI NEGÓCIOS IMOBILIÁRIOS S.A.;Certificados de Recebíveis Imobiliários;13000;0;0
67.571.414/0001-41;2023-12-31;18;136928;VIVER INCORPORADORA E CONSTRUTORA S.A.;Certificados de Recebíveis Imobiliários;0;0;1
67.571.414/0001-41;2023-12-31;18;136928;VIVER INCORPORADORA E CONSTRUTORA S.A.;Debêntures;0;0;2
67.620.377/0001-14;2023-12-31;9;136838;MINERVA S.A.;Debêntures;0;2;0
71.208.516/0001-74;2023-12-31;5;135508;ALGAR TELECOM S/A;Debêntures;2338;432;28
71.476.527/0001-35;2023-12-31;16;136098;CONSTRUTORA TENDA S.A.;Debêntures;4219;47;212
71.673.990/0001-77;2023-12-31;3;133746;NATURA COSMETICOS S.A.;Debêntures;320;22;707
73.178.600/0001-18;2023-12-31;6;137801;CYRELA BRAZIL REALTY S.A.EMPREEND E PART;Debêntures;0;0;228
73.903.718/0001-61;2023-12-31;1;127475;SNB PARTICIPACOES SA;Debêntures;0;1;0
75.315.333/0001-09;2023-12-31;15;135906;ATACADÃO S.A.;Debêntures;0;0;21
75.609.123/0001-23;2023-12-31;14;134259;UNIDAS LOCAÇÕES E SERVIÇOS S.A.;Debêntures;0;0;34
75.609.123/0001-23;2023-12-31;14;134259;UNIDAS LOCAÇÕES E SERVIÇOS S.A.;Nota Comercial;0;0;4
76.483.817/0001-20;2023-12-31;20;136123;CIA PARANAENSE DE ENERGIA - COPEL;Debêntures;11352;986;149
76.483.817/0001-20;2023-12-31;20;136123;CIA PARANAENSE DE ENERGIA - COPEL;Nota Comercial;0;85;5
76.484.013/0001-45;2023-12-31;13;137663;CIA SANEAMENTO DO PARANA - SANEPAR;Debêntures;3865;98;148
79.430.682/0001-22;2023-12-31;6;135921;FARMÁCIA E DROGARIA NISSEI S.A.;Debêntures;0;26;0
81.106.957/0001-19;2023-12-31;2;130562;DESCARBONIZE SOLUÇÕES S.A.;Debêntures;0;2;0
81.243.735/0001-48;2023-12-31;14;137753;POSITIVO TECNOLOGIA S.A.;Debêntures;0;79;10
81.243.735/0001-48;2023-12-31;14;137753;POSITIVO TECNOLOGIA S.A.;Nota Comercial;0;0;2
81.616.807/0001-55;2023-12-31;5;133328;GRANJA FARIA S.A.;Debêntures;0;1;0
82.120.676/0001-83;2023-12-31;1;127897;ALMEIDA JUNIOR SHOPPING CENTERS S.A.;Debêntures;0;1;0
82.640.558/0001-04;2023-12-31;5;135562;KARSTEN S.A.;Debêntures;0;0;0
82.901.000/0001-27;2023-12-31;3;135975;INTELBRAS S.A. IND. DE TELECOMUNICAÇÃO ELETRÔNICA BRASILEIRA;Debêntures;0;1;0
83.475.913/0001-91;2023-12-31;5;138046;PBG S/A;Debêntures;0;0;3
84.683.374/0001-49;2023-12-31;16;137700;TUPY S.A.;Debêntures;0;199;0
84.684.455/0001-63;2023-12-31;6;136134;TIGRE S.A. PARTICIPAÇÕES;Debêntures;0;0;48
85.041.333/0001-11;2023-12-31;3;128576;PORTO PONTA DO FELIX S/A;Debêntures;0;1;1
87.870.952/0001-44;2023-12-31;4;135560;BORRACHAS VIPAL S.A.;Debêntures;0;87;2
88.610.126/0001-29;2023-12-31;7;136794;FRAS-LE S.A.;Debêntures;0;2;0
89.086.144/0001-16;2023-12-31;7;138534;RANDON S.A. IMPLEMENTOS E PARTICIPACOES;Debêntures;0;12;268
89.463.822/0001-12;2023-12-31;27;137874;LUPATECH S.A;Bônus de Subscrição;32;1252;1284
89.463.822/0001-12;2023-12-31;27;137874;LUPATECH S.A;Debêntures Conversíveis;0;2;2
89.637.490/0001-45;2023-12-31;15;137486;KLABIN S.A.;Certificado de Recebíveis do Agronegócio;377958;243;5827
89.637.490/0001-45;2023-12-31;15;137486;KLABIN S.A.;Debêntures;34;247;5
92.665.611/0001-77;2023-12-31;5;133204;DIMED S.A. DISTRIBUIDORA DE MEDICAMENTOS;Debêntures;0;30;0
92.702.067/0001-96;2023-12-31;27;136674;BCO ESTADO DO RIO GRANDE DO SUL S.A.;Letras Financeiras;0;0;79
92.715.812/0001-31;2023-12-31;7;136661;CPFL TRANSMISSÃO S.A.;Debêntures;0;2;205
92.749.225/0001-63;2023-12-31;4;136932;HERCULES S.A. FABRICA DE TALHERES;Debêntures;1;0;0
92.754.738/0001-62;2023-12-31;9;136012;LOJAS RENNER S.A.;Debêntures;3;5;154
92.791.243/0001-03;2023-12-31;7;137721;IRANI PAPEL E EMBALAGEM S.A.;Debêntures;32;4;123
92.802.784/0001-90;2023-12-31;11;135640;CIA RIOGRANDENSE DE SANEAMENTO;Debêntures;2534;11;165
96.418.264/0218-02;2023-12-31;14;137838;LOJAS QUERO QUERO S.A.;Debêntures;0;3;0
97.837.181/0001-47;2023-12-31;11;136737;DEXCO S.A.;Debêntures;0;0;7
97.837.181/0001-47;2023-12-31;11;136737;DEXCO S.A.;Nota Comercial;0;2;1
