CNPJ_Companhia;Data_Referencia;Versao;ID_Documento;Nome_Companhia;Posicao;Quantidade_Norte;Quantidade_Nordeste;Quantidade_Centro_Oeste;Quantidade_Sudeste;Quantidade_Sul;Quantidade_Exterior
00.000.000/0001-91;2023-12-31;19;137597;BCO BRASIL S.A.;Liderança;1644;5328;4690;14006;5726;17
00.000.000/0001-91;2023-12-31;19;137597;BCO BRASIL S.A.;Não-liderança;2253;8697;12029;22094;9467;2
00.000.208/0001-00;2023-12-31;13;135745;BRB BANCO DE BRASILIA S.A.;Liderança;0;52;636;8;0;0
00.000.208/0001-00;2023-12-31;13;135745;BRB BANCO DE BRASILIA S.A.;Não-liderança;0;74;2654;28;0;0
00.001.180/0001-26;2023-12-31;23;136627;CENTRAIS ELET BRAS S.A. - ELETROBRAS;Liderança;66;260;161;301;118;1
00.001.180/0001-26;2023-12-31;23;136627;CENTRAIS ELET BRAS S.A. - ELETROBRAS;Não-liderança;1100;2609;1053;2755;1246;0
00.070.698/0001-11;2023-12-31;6;136076;COMPANHIA ENERGÉTICA DE BRASÍLIA - CEB;Liderança;0;0;30;0;0;0
00.070.698/0001-11;2023-12-31;6;136076;COMPANHIA ENERGÉTICA DE BRASÍLIA - CEB;Não-liderança;0;0;52;0;0;0
00.080.671/0001-00;2023-12-31;3;133573;CARAMURU ALIMENTOS S.A.;Liderança;2;0;206;3;10;0
00.080.671/0001-00;2023-12-31;3;133573;CARAMURU ALIMENTOS S.A.;Não-liderança;11;0;2014;14;135;0
00.194.724/0001-13;2023-12-31;7;137743;AES BRASIL OPERAÇÕES S.A.;Liderança;0;8;0;88;0;0
00.194.724/0001-13;2023-12-31;7;137743;AES BRASIL OPERAÇÕES S.A.;Não-liderança;0;70;0;422;0;0
00.242.184/0001-04;2023-12-31;9;137763;ARMAC LOCAÇÃO, LOGÍSTICA E SERVIÇOS S.A.;Liderança;4;20;17;267;37;0
00.242.184/0001-04;2023-12-31;9;137763;ARMAC LOCAÇÃO, LOGÍSTICA E SERVIÇOS S.A.;Não-liderança;80;136;438;2141;304;0
00.272.185/0001-93;2023-12-31;2;134548;CIMS S.A.;Liderança;1;0;0;0;0;0
00.272.185/0001-93;2023-12-31;2;134548;CIMS S.A.;Não-liderança;1;0;0;0;0;0
00.336.701/0001-04;2023-12-31;15;136065;TELEC BRASILEIRAS S.A. TELEBRAS;Liderança;1;1;42;1;1;0
00.336.701/0001-04;2023-12-31;15;136065;TELEC BRASILEIRAS S.A. TELEBRAS;Não-liderança;3;6;335;6;4;0
00.359.742/0001-08;2023-12-31;3;134771;ATOM EMPREENDIMENTOS E PARTICIPAÇÕES S.A.;Liderança;0;0;0;4;0;0
00.359.742/0001-08;2023-12-31;3;134771;ATOM EMPREENDIMENTOS E PARTICIPAÇÕES S.A.;Não-liderança;0;0;0;19;0;0
00.383.281/0001-09;2023-12-31;4;137655;BNDES PARTICIPACOES S.A. - BNDESPAR;Liderança;0;0;1;47;0;0
00.383.281/0001-09;2023-12-31;4;137655;BNDES PARTICIPACOES S.A. - BNDESPAR;Não-liderança;0;2;1;86;0;0
00.622.416/0001-41;2023-12-31;3;131091;STATKRAFT ENERGIAS RENOVAVEIS S.A.;Liderança;0;4;2;11;26;2
00.622.416/0001-41;2023-12-31;3;131091;STATKRAFT ENERGIAS RENOVAVEIS S.A.;Não-liderança;4;41;3;52;117;2
00.644.907/0001-93;2023-12-31;2;135558;INVESTCO S.A.;Liderança;2;0;0;1;0;0
00.644.907/0001-93;2023-12-31;2;135558;INVESTCO S.A.;Não-liderança;42;0;0;22;0;0
00.743.065/0001-27;2023-12-31;6;135452;LITEL PARTICIPACOES S.A.;Liderança;0;0;0;0;0;1
00.743.065/0001-27;2023-12-31;6;135452;LITEL PARTICIPACOES S.A.;Não-liderança;0;0;0;0;0;1
00.776.574/0001-56;2023-12-31;14;138478;AMERICANAS S.A. - EM RECUPERAÇÃO JUDICIAL;Liderança;646;1822;657;5503;739;0
00.776.574/0001-56;2023-12-31;14;138478;AMERICANAS S.A. - EM RECUPERAÇÃO JUDICIAL;Não-liderança;1484;5304;1586;23794;2095;0
00.864.214/0001-06;2023-12-31;19;137075;ENERGISA S.A.;Liderança;245;272;264;418;8;0
00.864.214/0001-06;2023-12-31;19;137075;ENERGISA S.A.;Não-liderança;3572;3658;4242;3780;73;0
00.924.429/0001-75;2023-12-31;9;137128;FERROVIA CENTRO-ATLANTICA S.A.;Liderança;0;12;7;187;0;0
00.924.429/0001-75;2023-12-31;9;137128;FERROVIA CENTRO-ATLANTICA S.A.;Não-liderança;0;378;181;4024;0;0
00.938.574/0001-05;2023-12-31;6;135809;CONC RIO-TERESOPOLIS S.A.;Liderança;0;0;0;6;0;0
00.938.574/0001-05;2023-12-31;6;135809;CONC RIO-TERESOPOLIS S.A.;Não-liderança;0;0;0;25;0;0
01.027.058/0001-91;2023-12-31;14;137009;CIELO S.A. -  INSTITUIÇÃO DE PAGAMENTO;Liderança;12;46;33;524;57;0
01.027.058/0001-91;2023-12-31;14;137009;CIELO S.A. -  INSTITUIÇÃO DE PAGAMENTO;Não-liderança;92;415;287;3092;487;0
01.083.200/0001-18;2023-12-31;10;137710;NEOENERGIA S.A.;Liderança;0;512;71;518;1;0
01.083.200/0001-18;2023-12-31;10;137710;NEOENERGIA S.A.;Não-liderança;0;9471;867;3950;16;0
01.104.937/0001-70;2023-12-31;1;127272;ELETROBRÁS PARTICIPAÇÕES S.A. - ELETROPAR;Liderança;0;0;0;1;0;0
01.104.937/0001-70;2023-12-31;1;127272;ELETROBRÁS PARTICIPAÇÕES S.A. - ELETROPAR;Não-liderança;0;0;0;1;0;0
01.107.327/0001-20;2023-12-31;6;136712;BBM LOGÍSTICA S.A.;Liderança;0;7;18;110;219;0
01.107.327/0001-20;2023-12-31;6;136712;BBM LOGÍSTICA S.A.;Não-liderança;0;170;179;1911;2937;0
01.258.944/0001-26;2023-12-31;6;137941;RUMO MALHA SUL S.A.;Liderança;0;0;39;192;254;0
01.258.944/0001-26;2023-12-31;6;137941;RUMO MALHA SUL S.A.;Não-liderança;6;0;1222;3263;3338;0
01.417.222/0001-77;2023-12-31;6;136053;MRS LOGISTICA S.A.;Liderança;0;0;0;350;0;0
01.417.222/0001-77;2023-12-31;6;136053;MRS LOGISTICA S.A.;Não-liderança;0;0;0;6103;0;0
01.545.826/0001-07;2023-12-31;27;138489;GAFISA S.A.;Liderança;0;0;0;130;1;0
01.545.826/0001-07;2023-12-31;27;138489;GAFISA S.A.;Não-liderança;0;0;0;337;1;0
01.548.981/0001-79;2023-12-31;3;136132;INVESTIMENTOS BEMGE S.A.;Liderança;0;0;0;0;0;1
01.548.981/0001-79;2023-12-31;3;136132;INVESTIMENTOS BEMGE S.A.;Não-liderança;0;0;0;0;0;1
01.599.101/0001-93;2023-12-31;32;137735;SEQUOIA LOGÍSTICA E TRANSPORTES S.A.;Liderança;12;23;8;331;47;0
01.599.101/0001-93;2023-12-31;32;137735;SEQUOIA LOGÍSTICA E TRANSPORTES S.A.;Não-liderança;78;316;88;3961;767;0
01.637.895/0001-32;2023-12-31;8;133933;VOTORANTIM CIMENTOS S.A.;Liderança;47;107;145;435;254;0
01.637.895/0001-32;2023-12-31;8;133933;VOTORANTIM CIMENTOS S.A.;Não-liderança;478;1033;932;2905;2059;0
01.838.723/0001-27;2023-12-31;11;135972;BRF S.A.;Liderança;30;194;428;858;1169;354
01.838.723/0001-27;2023-12-31;11;135972;BRF S.A.;Não-liderança;242;3191;19850;14492;48729;6686
01.851.771/0001-55;2023-12-31;2;136558;524 PARTICIPACOES S.A.;Liderança;0;0;0;0;0;0
01.851.771/0001-55;2023-12-31;2;136558;524 PARTICIPACOES S.A.;Não-liderança;0;0;0;0;0;0
01.896.779/0001-38;2023-12-31;3;137625;CSU DIGITAL S.A.;Liderança;0;86;0;304;0;0
01.896.779/0001-38;2023-12-31;3;137625;CSU DIGITAL S.A.;Não-liderança;0;1555;0;3225;0;0
01.917.818/0001-36;2023-12-31;7;133954;LIGHT ENERGIA S.A.;Liderança;0;0;0;6;0;0
01.917.818/0001-36;2023-12-31;7;133954;LIGHT ENERGIA S.A.;Não-liderança;0;0;0;198;0;0
01.938.783/0001-11;2023-12-31;13;137376;CIA PARTICIPACOES ALIANCA DA BAHIA;Liderança;0;7;0;0;0;0
01.938.783/0001-11;2023-12-31;13;137376;CIA PARTICIPACOES ALIANCA DA BAHIA;Não-liderança;0;23;0;4;0;0
01.957.772/0001-89;2023-12-31;2;130691;SUL 116 PARTICIPACOES S.A.;Liderança;0;0;0;2;0;0
01.957.772/0001-89;2023-12-31;2;130691;SUL 116 PARTICIPACOES S.A.;Não-liderança;0;0;0;3;0;0
02.062.747/0001-08;2023-12-31;3;136561;SUDESTE S.A.;Liderança;0;0;0;0;0;0
02.062.747/0001-08;2023-12-31;3;136561;SUDESTE S.A.;Não-liderança;0;0;0;0;0;0
02.149.205/0001-69;2023-12-31;10;137754;PORTO SEGURO S.A.;Liderança;4;26;11;1159;23;43
02.149.205/0001-69;2023-12-31;10;137754;PORTO SEGURO S.A.;Não-liderança;30;224;112;11430;228;165
02.162.616/0001-94;2023-12-31;2;127264;UPTICK PARTICIPACOES S.A.;Liderança;0;1;0;0;0;0
02.162.616/0001-94;2023-12-31;2;127264;UPTICK PARTICIPACOES S.A.;Não-liderança;0;1;0;0;0;0
02.193.750/0001-52;2023-12-31;4;136564;DEXXOS PARTICIPAÇÕES S.A.;Liderança;0;0;0;58;23;0
02.193.750/0001-52;2023-12-31;4;136564;DEXXOS PARTICIPAÇÕES S.A.;Não-liderança;0;0;0;556;194;0
02.217.319/0001-07;2023-12-31;5;135772;YBYRÁ CAPITAL S.A.;Liderança;0;0;0;1;0;0
02.217.319/0001-07;2023-12-31;5;135772;YBYRÁ CAPITAL S.A.;Não-liderança;0;0;0;1;0;0
02.255.187/0001-08;2023-12-31;8;136653;UNIFIQUE TELECOMUNICAÇÕES S.A.;Liderança;0;0;0;0;187;0
02.255.187/0001-08;2023-12-31;8;136653;UNIFIQUE TELECOMUNICAÇÕES S.A.;Não-liderança;0;0;0;0;1489;1
02.258.422/0001-97;2023-12-31;3;135398;INEPAR EQUIPAMENTOS E MONTAGENS S/A - EM RECUPERACAO JUDICIA;Liderança;0;0;0;1;0;0
02.258.422/0001-97;2023-12-31;3;135398;INEPAR EQUIPAMENTOS E MONTAGENS S/A - EM RECUPERACAO JUDICIA;Não-liderança;0;0;0;5;0;0
02.291.077/0001-93;2023-12-31;2;129159;PRODUTORES ENERGET.DE MANSO S.A.- PROMAN;Liderança;0;0;0;1;0;0
02.291.077/0001-93;2023-12-31;2;129159;PRODUTORES ENERGET.DE MANSO S.A.- PROMAN;Não-liderança;0;0;0;1;0;0
02.302.101/0001-42;2023-12-31;9;135805;EMAE - EMPRESA METROP.AGUAS ENERGIA S.A.;Liderança;0;0;0;67;0;0
02.302.101/0001-42;2023-12-31;9;135805;EMAE - EMPRESA METROP.AGUAS ENERGIA S.A.;Não-liderança;0;0;0;346;0;0
02.328.280/0001-97;2023-12-31;9;135991;ELEKTRO REDES S.A.;Liderança;0;0;2;262;0;0
02.328.280/0001-97;2023-12-31;9;135991;ELEKTRO REDES S.A.;Não-liderança;0;0;87;3264;0;0
02.338.534/0001-58;2023-12-31;2;135907;LONGDIS S.A.;Liderança;0;0;0;1;0;0
02.338.534/0001-58;2023-12-31;2;135907;LONGDIS S.A.;Não-liderança;0;0;0;1;0;0
02.351.144/0001-18;2023-12-31;9;135755;TEGMA GESTAO LOGISTICA S.A.;Liderança;8;4;0;178;71;0
02.351.144/0001-18;2023-12-31;9;135755;TEGMA GESTAO LOGISTICA S.A.;Não-liderança;66;26;0;835;526;0
02.351.877/0001-52;2023-12-31;27;136130;LWSA S/A;Liderança;0;10;2;460;200;0
02.351.877/0001-52;2023-12-31;27;136130;LWSA S/A;Não-liderança;16;128;61;2029;991;1
02.357.251/0001-53;2023-12-31;6;136120;LIFEMED INDUSTRIAL DE EQUIP. E ART. MEDICOS E HOSP. S.A;Liderança;0;0;0;15;21;0
02.357.251/0001-53;2023-12-31;6;136120;LIFEMED INDUSTRIAL DE EQUIP. E ART. MEDICOS E HOSP. S.A;Não-liderança;0;2;0;45;328;0
02.365.069/0001-44;2023-12-31;6;135744;PADTEC HOLDING S.A.;Liderança;0;0;0;0;0;1
02.365.069/0001-44;2023-12-31;6;135744;PADTEC HOLDING S.A.;Não-liderança;0;0;0;0;0;1
02.387.241/0001-60;2023-12-31;17;137808;RUMO S.A.;Liderança;0;0;39;192;254;0
02.387.241/0001-60;2023-12-31;17;137808;RUMO S.A.;Não-liderança;6;0;1222;3263;3338;0
02.397.080/0001-96;2023-12-31;3;135956;ITAPEBI GERACAO DE ENERGIA S.A.;Liderança;0;1;0;36;0;0
02.397.080/0001-96;2023-12-31;3;135956;ITAPEBI GERACAO DE ENERGIA S.A.;Não-liderança;0;13;0;56;0;0
02.421.421/0001-11;2023-12-31;8;135622;TIM S.A.;Liderança;10;38;30;719;40;0
02.421.421/0001-11;2023-12-31;8;135622;TIM S.A.;Não-liderança;257;658;349;7046;636;0
02.429.144/0001-93;2023-12-31;6;137649;CPFL ENERGIA S.A.;Liderança;0;0;0;12;0;0
02.429.144/0001-93;2023-12-31;6;137649;CPFL ENERGIA S.A.;Não-liderança;0;0;0;6;0;0
02.474.103/0001-19;2023-12-31;11;136621;ENGIE BRASIL ENERGIA S.A.;Liderança;61;23;21;1;179;0
02.474.103/0001-19;2023-12-31;11;136621;ENGIE BRASIL ENERGIA S.A.;Não-liderança;38;99;71;4;718;0
02.502.844/0001-66;2023-12-31;5;136583;RUMO MALHA PAULISTA S.A.;Liderança;0;0;39;192;254;0
02.502.844/0001-66;2023-12-31;5;136583;RUMO MALHA PAULISTA S.A.;Não-liderança;6;0;1222;3263;3338;0
02.558.157/0001-62;2023-12-31;7;135834;TELEFÔNICA BRASIL S.A;Liderança;93;379;259;2720;671;0
02.558.157/0001-62;2023-12-31;7;135834;TELEFÔNICA BRASIL S.A;Não-liderança;455;3236;1502;17070;6577;0
02.591.787/0001-39;2023-12-31;4;127141;CAPITALPART PARTICIPACOES S.A.;Liderança;0;0;0;0;0;0
02.591.787/0001-39;2023-12-31;4;127141;CAPITALPART PARTICIPACOES S.A.;Não-liderança;0;0;0;0;0;0
02.664.042/0001-52;2023-12-31;2;135883;TERMINAL GARAGEM MENEZES CORTES S.A.;Liderança;0;0;0;5;0;0
02.664.042/0001-52;2023-12-31;2;135883;TERMINAL GARAGEM MENEZES CORTES S.A.;Não-liderança;0;0;0;42;0;0
02.762.121/0001-04;2023-12-31;9;136600;SANTOS BRASIL PARTICIPACOES S.A.;Liderança;29;13;0;247;10;0
02.762.121/0001-04;2023-12-31;9;136600;SANTOS BRASIL PARTICIPACOES S.A.;Não-liderança;332;27;0;2472;134;0
02.762.124/0001-30;2023-12-31;2;136559;BETAPART PARTICIPACOES S.A.;Liderança;0;0;0;0;0;0
02.762.124/0001-30;2023-12-31;2;136559;BETAPART PARTICIPACOES S.A.;Não-liderança;0;0;0;0;0;0
02.796.775/0001-40;2023-12-31;2;136560;GAMA PARTICIPACOES S.A.;Liderança;0;0;0;0;0;0
02.796.775/0001-40;2023-12-31;2;136560;GAMA PARTICIPACOES S.A.;Não-liderança;0;0;0;0;0;0
02.800.026/0001-40;2023-12-31;16;137698;COGNA EDUCAÇÃO S.A.;Liderança;44;178;187;1348;180;0
02.800.026/0001-40;2023-12-31;16;137698;COGNA EDUCAÇÃO S.A.;Não-liderança;515;3106;3211;10641;3935;0
02.846.056/0001-97;2023-12-31;10;136034;CCR S.A.;Liderança;4;217;77;1486;151;0
02.846.056/0001-97;2023-12-31;10;136034;CCR S.A.;Não-liderança;20;1308;774;11796;1366;0
02.860.694/0001-62;2023-12-31;10;137709;T4F ENTRETENIMENTO S.A.;Liderança;0;0;0;20;0;0
02.860.694/0001-62;2023-12-31;10;137709;T4F ENTRETENIMENTO S.A.;Não-liderança;0;0;0;65;0;0
02.916.265/0001-60;2023-12-31;10;137802;JBS S.A.;Liderança;311;242;1206;2775;1627;7701
02.916.265/0001-60;2023-12-31;10;137802;JBS S.A.;Não-liderança;6690;4126;33952;39606;53344;107699
02.932.074/0001-91;2023-12-31;9;137158;HYPERA S.A.;Liderança;0;0;870;404;6;0
02.932.074/0001-91;2023-12-31;9;137158;HYPERA S.A.;Não-liderança;0;0;8314;1131;58;0
02.950.811/0001-89;2023-12-31;19;136543;PDG REALTY S.A. EMPREEND E PARTICIPACOES;Liderança;0;1;0;41;0;0
02.950.811/0001-89;2023-12-31;19;136543;PDG REALTY S.A. EMPREEND E PARTICIPACOES;Não-liderança;4;3;0;93;1;0
02.992.449/0001-09;2023-12-31;2;136562;PROMPT PARTICIPACOES S.A.;Liderança;0;0;0;0;0;0
02.992.449/0001-09;2023-12-31;2;136562;PROMPT PARTICIPACOES S.A.;Não-liderança;0;0;0;0;0;0
02.998.301/0001-81;2023-12-31;11;137175;RIO PARANAPANEMA ENERGIA S.A.;Liderança;0;0;0;32;0;0
02.998.301/0001-81;2023-12-31;11;137175;RIO PARANAPANEMA ENERGIA S.A.;Não-liderança;0;0;0;250;0;0
02.998.611/0001-04;2023-12-31;11;137825;CTEEP - CIA TRANSMISSÃO ENERGIA ELÉTRICA PAULISTA;Liderança;0;0;1;106;2;0
02.998.611/0001-04;2023-12-31;11;137825;CTEEP - CIA TRANSMISSÃO ENERGIA ELÉTRICA PAULISTA;Não-liderança;5;11;44;1233;42;0
03.014.553/0001-91;2023-12-31;5;137796;TPI - TRIUNFO PARTICIP. E INVEST. S.A.;Liderança;0;0;0;26;0;0
03.014.553/0001-91;2023-12-31;5;137796;TPI - TRIUNFO PARTICIP. E INVEST. S.A.;Não-liderança;0;0;0;34;0;0
03.220.438/0001-73;2023-12-31;15;137644;EQUATORIAL ENERGIA S.A.;Liderança;195;434;15;0;79;0
03.220.438/0001-73;2023-12-31;15;137644;EQUATORIAL ENERGIA S.A.;Não-liderança;1616;4233;102;0;1219;0
03.303.999/0001-36;2023-12-31;2;137637;DTCOM - DIRECT TO COMPANY S.A.;Liderança;0;0;0;1;4;0
03.303.999/0001-36;2023-12-31;2;137637;DTCOM - DIRECT TO COMPANY S.A.;Não-liderança;0;0;0;7;28;0
03.342.704/0001-30;2023-12-31;15;136830;PETRORECÔNCAVO S.A.;Liderança;0;51;0;0;0;0
03.342.704/0001-30;2023-12-31;15;136830;PETRORECÔNCAVO S.A.;Não-liderança;0;1218;0;0;0;0
03.378.521/0001-75;2023-12-31;14;137859;LIGHT S.A. - EM RECUPERAÇÃO JUDICIAL;Liderança;0;0;0;160;0;0
03.378.521/0001-75;2023-12-31;14;137859;LIGHT S.A. - EM RECUPERAÇÃO JUDICIAL;Não-liderança;0;0;0;4324;0;0
03.467.321/0001-99;2023-12-31;9;137724;ENERGISA MATO GROSSO-DISTRIBUIDORA DE ENERGIA S/A;Liderança;0;1;135;0;0;0
03.467.321/0001-99;2023-12-31;9;137724;ENERGISA MATO GROSSO-DISTRIBUIDORA DE ENERGIA S/A;Não-liderança;4;1;2292;1;0;0
03.494.776/0001-01;2023-12-31;3;136822;AMMO VAREJO S.A.;Liderança;0;11;5;137;22;0
03.494.776/0001-01;2023-12-31;3;136822;AMMO VAREJO S.A.;Não-liderança;0;76;37;536;118;0
03.758.318/0001-24;2023-12-31;11;136579;INVESTIMENTOS E PARTICIP. EM INFRA S.A. - INVEPAR;Liderança;0;10;0;186;0;0
03.758.318/0001-24;2023-12-31;11;136579;INVESTIMENTOS E PARTICIP. EM INFRA S.A. - INVEPAR;Não-liderança;0;180;0;1883;0;0
03.795.050/0001-09;2023-12-31;3;135958;TERMOPERNAMBUCO S.A.;Liderança;0;7;0;1;0;0
03.795.050/0001-09;2023-12-31;3;135958;TERMOPERNAMBUCO S.A.;Não-liderança;0;47;0;3;0;0
03.802.115/0001-98;2023-12-31;5;133891;CLEAR SALE S.A.;Liderança;2;7;1;276;16;7
03.802.115/0001-98;2023-12-31;5;133891;CLEAR SALE S.A.;Não-liderança;6;58;17;2318;60;11
03.847.461/0001-92;2023-12-31;7;137283;BRADESPAR S.A.;Liderança;0;0;0;19;0;0
03.847.461/0001-92;2023-12-31;7;137283;BRADESPAR S.A.;Não-liderança;0;0;0;2;0;0
03.853.896/0001-40;2023-12-31;13;135325;MARFRIG GLOBAL FOODS S.A.;Liderança;68;0;522;458;268;1367
03.853.896/0001-40;2023-12-31;13;135325;MARFRIG GLOBAL FOODS S.A.;Não-liderança;857;0;7943;3112;3018;14921
03.983.431/0001-03;2023-12-31;6;135695;EDP - ENERGIAS DO BRASIL S.A.;Liderança;3;9;8;144;5;0
03.983.431/0001-03;2023-12-31;6;135695;EDP - ENERGIAS DO BRASIL S.A.;Não-liderança;88;225;82;2536;44;0
04.030.182/0001-02;2023-12-31;3;135675;CABINDA PARTICIPACOES S.A.;Liderança;0;0;0;0;0;1
04.030.182/0001-02;2023-12-31;3;135675;CABINDA PARTICIPACOES S.A.;Não-liderança;0;0;0;0;0;1
04.031.213/0001-31;2023-12-31;3;130703;CACONDE PARTICIPACOES S.A.;Liderança;0;0;0;0;0;1
04.031.213/0001-31;2023-12-31;3;130703;CACONDE PARTICIPACOES S.A.;Não-liderança;0;0;0;0;0;1
04.032.433/0001-80;2023-12-31;8;134628;ATMA PARTICIPAÇÕES S.A. - EM RECUPERAÇÃO JUDICIAL;Liderança;31;253;0;197;3;0
04.032.433/0001-80;2023-12-31;8;134628;ATMA PARTICIPAÇÕES S.A. - EM RECUPERAÇÃO JUDICIAL;Não-liderança;843;5295;0;1606;20;0
04.038.763/0001-82;2023-12-31;3;130704;CAIANDA PARTICIPACOES S.A.;Liderança;0;0;0;0;0;1
04.038.763/0001-82;2023-12-31;3;130704;CAIANDA PARTICIPACOES S.A.;Não-liderança;0;0;0;0;0;1
04.065.053/0001-41;2023-12-31;2;133304;BRZ EMPREENDIMENTOS E CONSTRUÇÕES S.A.;Liderança;0;0;0;68;0;0
04.065.053/0001-41;2023-12-31;2;133304;BRZ EMPREENDIMENTOS E CONSTRUÇÕES S.A.;Não-liderança;0;0;0;807;0;0
04.065.791/0001-99;2023-12-31;9;133013;SINQIA S.A.;Liderança;0;4;1;274;26;0
04.065.791/0001-99;2023-12-31;9;133013;SINQIA S.A.;Não-liderança;9;68;27;1659;211;0
04.069.709/0001-02;2023-12-31;6;137072;BIONEXO S.A.;Liderança;0;0;0;78;0;0
04.069.709/0001-02;2023-12-31;6;137072;BIONEXO S.A.;Não-liderança;0;0;0;418;0;0
04.149.454/0001-80;2023-12-31;5;135938;ECORODOVIAS INFRAESTRUTURA E LOGÍSTICA S.A.;Liderança;0;0;20;287;17;0
04.149.454/0001-80;2023-12-31;5;135938;ECORODOVIAS INFRAESTRUTURA E LOGÍSTICA S.A.;Não-liderança;0;0;369;3913;287;0
04.200.649/0001-07;2023-12-31;14;130507;COMPANHIA PROVINCIA DE SECURITIZACAO;Liderança;0;0;0;4;0;0
04.200.649/0001-07;2023-12-31;14;130507;COMPANHIA PROVINCIA DE SECURITIZACAO;Não-liderança;0;0;0;12;0;0
04.212.396/0001-91;2023-12-31;6;136490;AGASUS S.A.;Liderança;0;4;2;100;0;0
04.212.396/0001-91;2023-12-31;6;136490;AGASUS S.A.;Não-liderança;1;62;25;577;4;0
04.423.567/0001-21;2023-12-31;13;136750;ENEVA S.A;Liderança;25;104;0;146;0;0
04.423.567/0001-21;2023-12-31;13;136750;ENEVA S.A;Não-liderança;158;685;0;372;0;0
04.739.720/0001-24;2023-12-31;7;132182;USINA TERMELÉTRICA PAMPA SUL S.A.;Liderança;0;0;0;0;20;0
04.739.720/0001-24;2023-12-31;7;132182;USINA TERMELÉTRICA PAMPA SUL S.A.;Não-liderança;0;0;0;0;101;0
04.752.991/0001-10;2023-12-31;19;137854;BIOMM S.A.;Liderança;0;3;2;61;2;0
04.752.991/0001-10;2023-12-31;19;137854;BIOMM S.A.;Não-liderança;0;2;0;84;2;0
04.821.041/0001-08;2023-12-31;5;137910;METALFRIO SOLUTIONS S.A.;Liderança;0;0;75;44;0;0
04.821.041/0001-08;2023-12-31;5;137910;METALFRIO SOLUTIONS S.A.;Não-liderança;0;3;840;204;0;0
04.895.728/0001-80;2023-12-31;10;138025;EQUATORIAL PARÁ DISTRIBUIDORA DE ENERGIA S.A.;Liderança;125;0;4;0;0;0
04.895.728/0001-80;2023-12-31;10;138025;EQUATORIAL PARÁ DISTRIBUIDORA DE ENERGIA S.A.;Não-liderança;1119;0;8;0;0;0
04.902.979/0001-44;2023-12-31;9;134451;BCO AMAZONIA S.A.;Liderança;564;38;25;1;0;0
04.902.979/0001-44;2023-12-31;9;134451;BCO AMAZONIA S.A.;Não-liderança;2098;84;54;3;0;0
04.912.242/0001-02;2023-12-31;1;127238;PORTUENSE FERRAGENS S/A;Liderança;3;0;0;0;0;0
04.912.242/0001-02;2023-12-31;1;127238;PORTUENSE FERRAGENS S/A;Não-liderança;8;0;0;0;0;0
04.913.711/0001-08;2023-12-31;12;137750;BCO ESTADO DO PARA S.A.;Liderança;649;0;0;0;0;0
04.913.711/0001-08;2023-12-31;12;137750;BCO ESTADO DO PARA S.A.;Não-liderança;1947;0;0;0;0;0
04.972.092/0001-22;2023-12-31;3;134391;GRUPO FARTURA DE HORTIFRUT S.A.;Liderança;0;0;186;421;0;0
04.972.092/0001-22;2023-12-31;3;134391;GRUPO FARTURA DE HORTIFRUT S.A.;Não-liderança;0;0;1351;6142;0;0
04.986.320/0001-13;2023-12-31;7;137911;SER EDUCACIONAL S.A.;Liderança;279;961;6;88;64;0
04.986.320/0001-13;2023-12-31;7;137911;SER EDUCACIONAL S.A.;Não-liderança;2799;7929;54;978;424;0
04.992.714/0001-84;2023-12-31;10;136720;NOVA TRANSPORTADORA DO SUDESTE S.A. - NTS;Liderança;0;0;0;45;0;0
04.992.714/0001-84;2023-12-31;10;136720;NOVA TRANSPORTADORA DO SUDESTE S.A. - NTS;Não-liderança;0;0;0;202;0;0
05.197.443/0001-38;2023-12-31;18;137749;HAPVIDA PARTICIPAÇÕES E INVESTIMENTOS S.A.;Liderança;133;1045;140;2300;296;0
05.197.443/0001-38;2023-12-31;18;137749;HAPVIDA PARTICIPAÇÕES E INVESTIMENTOS S.A.;Não-liderança;3201;19655;2591;33281;4517;0
05.303.439/0001-07;2023-12-31;8;133343;UNIGEL PARTICIPAÇÕES S.A.;Liderança;0;139;0;93;0;40
05.303.439/0001-07;2023-12-31;8;133343;UNIGEL PARTICIPAÇÕES S.A.;Não-liderança;0;907;0;321;0;489
05.347.060/0001-07;2023-12-31;4;135611;INTERPLAYERS SOLUÇÕES INTEGRADAS S.A.;Liderança;0;6;0;150;3;0
05.347.060/0001-07;2023-12-31;4;135611;INTERPLAYERS SOLUÇÕES INTEGRADAS S.A.;Não-liderança;2;58;9;815;41;0
05.878.397/0001-32;2023-12-31;12;137501;ALLOS S.A.;Liderança;25;39;7;275;8;0
05.878.397/0001-32;2023-12-31;12;137501;ALLOS S.A.;Não-liderança;367;606;88;1157;37;0
05.917.486/0001-40;2023-12-31;6;135924;LIVETECH DA BAHIA INDÚSTRIA E COMÉRCIO S.A.;Liderança;0;10;0;31;0;0
05.917.486/0001-40;2023-12-31;6;135924;LIVETECH DA BAHIA INDÚSTRIA E COMÉRCIO S.A.;Não-liderança;0;96;0;182;0;0
06.047.087/0001-39;2023-12-31;8;137033;REDE D'OR SÃO LUIZ S.A.;Liderança;4;85;19;181;4;0
06.047.087/0001-39;2023-12-31;8;137033;REDE D'OR SÃO LUIZ S.A.;Não-liderança;550;16123;5408;47890;762;0
06.057.223/0001-71;2023-12-31;23;137036;SENDAS DISTRIBUIDORA S.A.;Liderança;377;1613;560;3458;186;0
06.057.223/0001-71;2023-12-31;23;137036;SENDAS DISTRIBUIDORA S.A.;Não-liderança;4480;17929;6753;36456;2086;0
06.164.253/0001-87;2023-12-31;17;137756;GOL LINHAS AEREAS INTELIGENTES S.A.;Liderança;12;25;11;362;19;26
06.164.253/0001-87;2023-12-31;17;137756;GOL LINHAS AEREAS INTELIGENTES S.A.;Não-liderança;304;1236;1338;10273;1015;203
06.272.793/0001-84;2023-12-31;8;136841;EQUATORIAL MARANHÃO DISTRIBUIDORA DE ENERGIA S.A.;Liderança;0;208;1;0;0;0
06.272.793/0001-84;2023-12-31;8;136841;EQUATORIAL MARANHÃO DISTRIBUIDORA DE ENERGIA S.A.;Não-liderança;0;1275;15;0;0;0
06.626.253/0001-51;2023-12-31;16;137001;EMPREENDIMENTOS PAGUE MENOS S.A.;Liderança;124;1113;122;231;43;0
06.626.253/0001-51;2023-12-31;16;137001;EMPREENDIMENTOS PAGUE MENOS S.A.;Não-liderança;1563;13391;1605;2290;479;0
06.977.751/0001-49;2023-12-31;11;133016;BR PROPERTIES S.A.;Liderança;0;0;0;10;0;0
06.977.751/0001-49;2023-12-31;11;133016;BR PROPERTIES S.A.;Não-liderança;0;0;1;65;0;0
07.040.108/0001-57;2023-12-31;7;136578;CAGECE - CIA DE AGUA E ESGOTO DO CEARA;Liderança;0;395;0;0;0;0
07.040.108/0001-57;2023-12-31;7;136578;CAGECE - CIA DE AGUA E ESGOTO DO CEARA;Não-liderança;0;790;0;0;0;0
07.043.628/0001-13;2023-12-31;2;128407;CLARO TELECOM PARTICIPAÇÕES S.A.;Liderança;0;0;0;1;0;0
07.043.628/0001-13;2023-12-31;2;128407;CLARO TELECOM PARTICIPAÇÕES S.A.;Não-liderança;0;0;0;1;0;0
07.047.251/0001-70;2023-12-31;8;136509;CIA ENERGETICA DO CEARA - COELCE;Liderança;0;95;0;19;0;0
07.047.251/0001-70;2023-12-31;8;136509;CIA ENERGETICA DO CEARA - COELCE;Não-liderança;0;889;0;46;0;0
07.206.816/0001-15;2023-12-31;3;135587;M.DIAS BRANCO S.A. IND COM DE ALIMENTOS;Liderança;16;919;12;373;86;0
07.206.816/0001-15;2023-12-31;3;135587;M.DIAS BRANCO S.A. IND COM DE ALIMENTOS;Não-liderança;50;9867;42;3767;1028;0
07.237.373/0001-20;2023-12-31;20;136818;BCO NORDESTE DO BRASIL S.A.;Liderança;0;2555;197;6;0;0
07.237.373/0001-20;2023-12-31;20;136818;BCO NORDESTE DO BRASIL S.A.;Não-liderança;0;3645;184;7;0;0
07.253.321/0001-47;2023-12-31;2;135697;CARBOMIL SA MINER. E INDUSTRIA;Liderança;0;4;0;0;0;0
07.253.321/0001-47;2023-12-31;2;135697;CARBOMIL SA MINER. E INDUSTRIA;Não-liderança;0;10;0;0;0;0
07.275.159/0001-68;2023-12-31;7;137227;PETROLEO LUB DO NORDESTE SA;Liderança;0;1;0;0;0;0
07.275.159/0001-68;2023-12-31;7;137227;PETROLEO LUB DO NORDESTE SA;Não-liderança;0;1;0;0;0;0
07.334.600/0001-35;2023-12-31;1;127088;MARINA DE IRACEMA PARK SA;Liderança;0;0;0;0;0;0
07.334.600/0001-35;2023-12-31;1;127088;MARINA DE IRACEMA PARK SA;Não-liderança;0;204;0;0;0;0
07.415.333/0001-20;2023-12-31;9;136208;SIMPAR S.A.;Liderança;73;305;149;2020;218;0
07.415.333/0001-20;2023-12-31;9;136208;SIMPAR S.A.;Não-liderança;2235;6082;2001;26187;3595;1
07.437.016/0001-05;2023-12-31;1;127753;CINESYSTEM S.A.;Liderança;5;19;0;39;43;0
07.437.016/0001-05;2023-12-31;1;127753;CINESYSTEM S.A.;Não-liderança;35;88;0;202;156;0
07.526.557/0001-00;2023-12-31;14;136881;AMBEV S.A.;Liderança;138;674;252;5192;1171;0
07.526.557/0001-00;2023-12-31;14;136881;AMBEV S.A.;Não-liderança;811;4163;1181;11781;2845;0
07.594.978/0001-78;2023-12-31;16;138419;SMARTFIT ESCOLA DE GINÁSTICA E DANÇA S.A.;Liderança;0;74;39;547;28;1
07.594.978/0001-78;2023-12-31;16;138419;SMARTFIT ESCOLA DE GINÁSTICA E DANÇA S.A.;Não-liderança;1;710;442;4244;270;0
07.689.002/0001-89;2023-12-31;9;138085;EMBRAER S.A.;Liderança;0;0;2;749;2;192
07.689.002/0001-89;2023-12-31;9;138085;EMBRAER S.A.;Não-liderança;0;0;37;13605;23;2107
07.704.246/0001-93;2023-12-31;3;137029;DATORA PARTICIPAÇÕES E SERVIÇOS S.A.;Liderança;0;0;0;45;0;0
07.704.246/0001-93;2023-12-31;3;137029;DATORA PARTICIPAÇÕES E SERVIÇOS S.A.;Não-liderança;0;0;0;171;0;6
07.718.269/0001-57;2023-12-31;9;139822;SPRINGS GLOBAL PARTICIPACOES S.A.;Liderança;0;0;0;14;0;0
07.718.269/0001-57;2023-12-31;9;139822;SPRINGS GLOBAL PARTICIPACOES S.A.;Não-liderança;0;0;0;0;0;1
07.816.890/0001-53;2023-12-31;7;137757;MULTIPLAN - EMPREEND IMOBILIARIOS S.A.;Liderança;0;0;1;35;3;0
07.816.890/0001-53;2023-12-31;7;137757;MULTIPLAN - EMPREEND IMOBILIARIOS S.A.;Não-liderança;0;1;0;264;8;0
07.820.907/0001-46;2023-12-31;4;133675;FICA EMPREENDIMENTOS IMOBILIÁRIOS S.A.;Liderança;0;0;0;7;0;0
07.820.907/0001-46;2023-12-31;4;133675;FICA EMPREENDIMENTOS IMOBILIÁRIOS S.A.;Não-liderança;0;0;0;11;0;0
07.857.093/0001-14;2023-12-31;7;134376;AURA MINERALS INC.;Liderança;33;0;28;17;0;117
07.857.093/0001-14;2023-12-31;7;134376;AURA MINERALS INC.;Não-liderança;128;0;274;2;0;550
07.857.850/0001-50;2023-12-31;9;134240;GP INVESTMENTS, LTD.;Liderança;0;0;0;8;0;4
07.857.850/0001-50;2023-12-31;9;134240;GP INVESTMENTS, LTD.;Não-liderança;0;0;0;22;0;3
07.859.510/0001-68;2023-12-31;3;131289;JHSF MALLS S.A.;Liderança;0;0;0;42;0;0
07.859.510/0001-68;2023-12-31;3;131289;JHSF MALLS S.A.;Não-liderança;0;0;0;31;0;0
07.859.971/0001-30;2023-12-31;18;137638;TRANSMISSORA ALIANÇA DE ENERGIA ELÉTRICA S.A.;Liderança;3;5;8;54;4;0
07.859.971/0001-30;2023-12-31;18;137638;TRANSMISSORA ALIANÇA DE ENERGIA ELÉTRICA S.A.;Não-liderança;67;157;80;304;50;0
07.882.930/0001-65;2023-12-31;9;137635;MITRE REALTY EMPREENDIMENTOS E PARTICIPAÇÕES S.A.;Liderança;0;0;0;106;0;0
07.882.930/0001-65;2023-12-31;9;137635;MITRE REALTY EMPREENDIMENTOS E PARTICIPAÇÕES S.A.;Não-liderança;0;0;0;577;0;0
07.976.147/0001-60;2023-12-31;3;131570;MOVIDA LOCAÇÃO DE VEÍCULOS S.A.;Liderança;25;58;32;456;47;0
07.976.147/0001-60;2023-12-31;3;131570;MOVIDA LOCAÇÃO DE VEÍCULOS S.A.;Não-liderança;190;570;293;3161;414;0
08.065.557/0001-12;2023-12-31;13;137939;TECNISA S.A.;Liderança;0;0;0;32;0;0
08.065.557/0001-12;2023-12-31;13;137939;TECNISA S.A.;Não-liderança;1;1;4;311;0;0
08.078.847/0001-09;2023-12-31;8;137144;LPS BRASIL - CONSULTORIA DE IMOVEIS S.A.;Liderança;0;6;0;103;8;0
08.078.847/0001-09;2023-12-31;8;137144;LPS BRASIL - CONSULTORIA DE IMOVEIS S.A.;Não-liderança;0;12;2;303;28;0
08.159.965/0001-33;2023-12-31;9;134562;IGUA SANEAMENTO S.A.;Liderança;0;17;66;220;40;0
08.159.965/0001-33;2023-12-31;9;134562;IGUA SANEAMENTO S.A.;Não-liderança;0;99;648;1299;123;0
08.170.849/0001-15;2023-12-31;17;135989;DESKTOP S.A.;Liderança;0;0;0;350;0;0
08.170.849/0001-15;2023-12-31;17;135989;DESKTOP S.A.;Não-liderança;0;0;0;3141;0;0
08.294.224/0001-65;2023-12-31;12;137694;JHSF PARTICIPACOES S.A.;Liderança;11;6;0;341;0;0
08.294.224/0001-65;2023-12-31;12;137694;JHSF PARTICIPACOES S.A.;Não-liderança;77;147;0;1959;0;0
08.312.229/0001-73;2023-12-31;8;137519;EZ TEC EMPREEND. E PARTICIPACOES S.A.;Liderança;0;0;0;57;0;0
08.312.229/0001-73;2023-12-31;8;137519;EZ TEC EMPREEND. E PARTICIPACOES S.A.;Não-liderança;0;0;0;1023;0;0
08.324.196/0001-81;2023-12-31;9;136190;CIA ENERGETICA DO RIO GDE NORTE - COSERN;Liderança;0;62;0;8;0;0
08.324.196/0001-81;2023-12-31;9;136190;CIA ENERGETICA DO RIO GDE NORTE - COSERN;Não-liderança;0;943;0;10;0;0
08.343.492/0001-20;2023-12-31;19;137479;MRV ENGENHARIA E PARTICIPACOES S.A.;Liderança;25;177;104;917;160;0
08.343.492/0001-20;2023-12-31;19;137479;MRV ENGENHARIA E PARTICIPACOES S.A.;Não-liderança;568;3015;808;9968;2551;0
08.364.948/0001-38;2023-12-31;7;135895;ALUPAR INVESTIMENTO S/A;Liderança;0;0;0;16;0;0
08.364.948/0001-38;2023-12-31;7;135895;ALUPAR INVESTIMENTO S/A;Não-liderança;0;0;0;36;0;0
08.397.078/0001-01;2023-12-31;6;136026;GSH CORP PARTICIPAÇÕES S.A.;Liderança;5;35;20;155;13;0
08.397.078/0001-01;2023-12-31;6;136026;GSH CORP PARTICIPAÇÕES S.A.;Não-liderança;26;346;65;1126;52;0
08.402.943/0001-52;2023-12-31;3;137765;GUARARAPES CONFECCOES S.A.;Liderança;93;513;110;1013;154;0
08.402.943/0001-52;2023-12-31;3;137765;GUARARAPES CONFECCOES S.A.;Não-liderança;1436;15030;1300;9905;1601;0
08.424.178/0001-71;2023-12-31;1;127296;TECBLU TECELAGEM BLUMENAU S.A.;Liderança;0;1;0;0;0;0
08.424.178/0001-71;2023-12-31;1;127296;TECBLU TECELAGEM BLUMENAU S.A.;Não-liderança;0;1;0;0;0;0
08.467.115/0001-00;2023-12-31;10;137686;CIA ESTADUAL DE DISTRIB ENER ELET-CEEE-D;Liderança;0;0;0;0;64;0
08.467.115/0001-00;2023-12-31;10;137686;CIA ESTADUAL DE DISTRIB ENER ELET-CEEE-D;Não-liderança;0;0;1;0;905;0
08.560.444/0001-93;2023-12-31;6;135934;CIA CELG DE PARTICIPACOES - CELGPAR;Liderança;0;0;18;0;0;0
08.560.444/0001-93;2023-12-31;6;135934;CIA CELG DE PARTICIPACOES - CELGPAR;Não-liderança;0;0;125;0;0;0
08.574.411/0001-00;2023-12-31;5;137653;PRÁTICA PRODUTOS S.A.;Liderança;0;3;0;79;0;3
08.574.411/0001-00;2023-12-31;5;137653;PRÁTICA PRODUTOS S.A.;Não-liderança;0;6;0;497;0;10
08.764.621/0001-53;2023-12-31;3;130729;GENERAL SHOPPING E OUTLETS DO BRASIL BRASIL S.A.;Liderança;0;0;0;16;0;0
08.764.621/0001-53;2023-12-31;3;130729;GENERAL SHOPPING E OUTLETS DO BRASIL BRASIL S.A.;Não-liderança;0;0;0;67;0;0
08.773.135/0001-00;2023-12-31;12;136052;2W ECOBANK S.A.;Liderança;10;10;1;19;1;0
08.773.135/0001-00;2023-12-31;12;136052;2W ECOBANK S.A.;Não-liderança;10;1;2;95;5;0
08.773.191/0001-36;2023-12-31;3;136984;BRASILIANA PARTICIPAÇÕES S/A;Liderança;0;0;0;1;0;0
08.773.191/0001-36;2023-12-31;3;136984;BRASILIANA PARTICIPAÇÕES S/A;Não-liderança;0;0;0;1;0;0
08.795.211/0001-70;2023-12-31;6;136568;MAESTRO LOCADORA DE VEICULOS S.A.;Liderança;0;0;0;21;0;0
08.795.211/0001-70;2023-12-31;6;136568;MAESTRO LOCADORA DE VEICULOS S.A.;Não-liderança;0;0;0;55;0;0
08.797.760/0001-83;2023-12-31;10;137337;CURY CONSTRUTORA E INCORPORADORA S.A.;Liderança;0;0;0;111;0;0
08.797.760/0001-83;2023-12-31;10;137337;CURY CONSTRUTORA E INCORPORADORA S.A.;Não-liderança;0;0;0;1580;0;0
08.801.621/0001-86;2023-12-31;9;135971;SYN PROP & TECH S.A.;Liderança;0;0;6;93;0;0
08.801.621/0001-86;2023-12-31;9;135971;SYN PROP & TECH S.A.;Não-liderança;0;0;29;228;0;0
08.807.432/0001-10;2023-12-31;18;137953;YDUQS PARTICIPACOES S.A.;Liderança;159;253;52;926;36;0
08.807.432/0001-10;2023-12-31;18;137953;YDUQS PARTICIPACOES S.A.;Não-liderança;1369;3712;469;8173;456;0
08.810.422/0001-34;2023-12-31;1;128027;GUARARAPES PAINÉIS S.A.;Liderança;0;0;0;0;72;0
08.810.422/0001-34;2023-12-31;1;128027;GUARARAPES PAINÉIS S.A.;Não-liderança;0;2;0;2;608;0
08.811.643/0001-27;2023-12-31;6;137607;TRISUL S.A.;Liderança;0;0;0;71;0;0
08.811.643/0001-27;2023-12-31;6;137607;TRISUL S.A.;Não-liderança;0;0;0;293;0;0
08.902.291/0001-15;2023-12-31;4;135595;CSN MINERAÇÃO S.A.;Liderança;0;0;0;304;0;0
08.902.291/0001-15;2023-12-31;4;135595;CSN MINERAÇÃO S.A.;Não-liderança;0;0;0;7385;0;0
08.935.054/0001-50;2023-12-31;2;133497;MULTINER S/A;Liderança;0;0;0;9;0;0
08.935.054/0001-50;2023-12-31;2;133497;MULTINER S/A;Não-liderança;0;0;0;18;0;0
09.041.168/0001-10;2023-12-31;9;136085;LOG COMMERCIAL PROPERTIES E PARTICIPAÇÕES;Liderança;0;11;2;64;1;0
09.041.168/0001-10;2023-12-31;9;136085;LOG COMMERCIAL PROPERTIES E PARTICIPAÇÕES;Não-liderança;0;291;18;215;1;0
09.042.817/0001-05;2023-12-31;17;138088;BEMOBI MOBILE TECH S.A.;Liderança;1;9;4;67;6;33
09.042.817/0001-05;2023-12-31;17;138088;BEMOBI MOBILE TECH S.A.;Não-liderança;28;46;55;290;67;161
09.053.134/0001-45;2023-12-31;5;133317;ELFA MEDICAMENTOS S.A.;Liderança;0;52;28;176;43;0
09.053.134/0001-45;2023-12-31;5;133317;ELFA MEDICAMENTOS S.A.;Não-liderança;22;515;328;1218;447;0
09.054.385/0001-44;2023-12-31;1;127468;INBRANDS S.A.;Liderança;1;31;14;230;20;0
09.054.385/0001-44;2023-12-31;1;127468;INBRANDS S.A.;Não-liderança;9;237;90;1492;140;0
09.112.685/0001-32;2023-12-31;6;136743;OSX BRASIL S.A. - EM RECUPERAÇÃO JUDICIAL;Liderança;0;0;0;2;0;0
09.112.685/0001-32;2023-12-31;6;136743;OSX BRASIL S.A. - EM RECUPERAÇÃO JUDICIAL;Não-liderança;0;0;0;5;0;0
09.114.805/0001-30;2023-12-31;13;137832;OCEANPACT SERVIÇOS MARITIMOS S.A.;Liderança;0;7;1;544;2;0
09.114.805/0001-30;2023-12-31;13;137832;OCEANPACT SERVIÇOS MARITIMOS S.A.;Não-liderança;0;40;8;1413;8;0
09.146.451/0001-06;2023-12-31;8;135850;KALLAS INCORPORAÇÕES E CONSTRUÇÕES S.A.;Liderança;0;0;0;6;0;0
09.146.451/0001-06;2023-12-31;8;135850;KALLAS INCORPORAÇÕES E CONSTRUÇÕES S.A.;Não-liderança;0;0;0;616;0;0
09.229.201/0001-30;2023-12-31;7;135939;GPS PARTICIPAÇÕES E EMPREENDIMENTOS S.A.;Liderança;26;229;78;1303;188;0
09.229.201/0001-30;2023-12-31;7;135939;GPS PARTICIPAÇÕES E EMPREENDIMENTOS S.A.;Não-liderança;4521;20094;9010;83186;22148;0
09.257.877/0001-37;2023-12-31;9;136086;FERROVIA NORTE SUL S/A;Liderança;14;23;0;0;0;0
09.257.877/0001-37;2023-12-31;9;136086;FERROVIA NORTE SUL S/A;Não-liderança;247;455;0;0;0;0
09.267.996/0001-70;2023-12-31;9;137987;YUNY INCORPORADORA HOLDING S.A.;Liderança;0;0;0;30;0;0
09.267.996/0001-70;2023-12-31;9;137987;YUNY INCORPORADORA HOLDING S.A.;Não-liderança;0;0;0;40;0;0
09.288.252/0001-32;2023-12-31;15;138415;ANIMA HOLDING S.A.;Liderança;0;267;23;896;213;0
09.288.252/0001-32;2023-12-31;15;138415;ANIMA HOLDING S.A.;Não-liderança;0;3849;229;9013;3160;0
09.295.063/0001-97;2023-12-31;3;137795;TECHNOS S.A.;Liderança;18;3;1;43;2;0
09.295.063/0001-97;2023-12-31;3;137795;TECHNOS S.A.;Não-liderança;191;21;20;115;14;0
09.305.994/0001-29;2023-12-31;14;137785;AZUL S.A.;Liderança;45;257;43;2359;187;7
09.305.994/0001-29;2023-12-31;14;137785;AZUL S.A.;Não-liderança;475;1151;407;8365;865;86
09.346.601/0001-25;2023-12-31;17;137720;B3 S.A. - BRASIL, BOLSA, BALCÃO;Liderança;0;0;0;535;0;0
09.346.601/0001-25;2023-12-31;17;137720;B3 S.A. - BRASIL, BOLSA, BALCÃO;Não-liderança;0;0;0;2200;0;0
09.347.516/0001-81;2023-12-31;12;136820;ELETROMIDIA S.A.;Liderança;0;2;1;116;5;0
09.347.516/0001-81;2023-12-31;12;136820;ELETROMIDIA S.A.;Não-liderança;0;12;2;537;11;0
09.527.023/0001-23;2023-12-31;6;139422;ENVIRONMENTAL ESG PARTICIPAÇÕES S.A.;Liderança;12;116;28;386;53;38
09.527.023/0001-23;2023-12-31;6;139422;ENVIRONMENTAL ESG PARTICIPAÇÕES S.A.;Não-liderança;222;1162;371;3913;613;2040
09.611.768/0001-76;2023-12-31;4;138011;INC EMPREENDIMENTOS IMOBILIÁRIOS S.A.;Liderança;0;0;0;34;0;0
09.611.768/0001-76;2023-12-31;4;138011;INC EMPREENDIMENTOS IMOBILIÁRIOS S.A.;Não-liderança;0;0;0;789;0;0
09.813.204/0001-16;2023-12-31;2;134424;W2W E-COMMERCE DE VINHOS S.A.;Liderança;0;6;1;71;3;0
09.813.204/0001-16;2023-12-31;2;134424;W2W E-COMMERCE DE VINHOS S.A.;Não-liderança;1;10;2;452;11;0
10.139.870/0001-08;2023-12-31;4;135927;NEOGRID PARTICIPAÇÕES S.A.;Liderança;0;2;1;62;60;2
10.139.870/0001-08;2023-12-31;4;135927;NEOGRID PARTICIPAÇÕES S.A.;Não-liderança;4;25;8;295;433;17
10.285.590/0001-08;2023-12-31;10;137695;GRUPO DE MODA SOMA S.A.;Liderança;7;56;74;806;186;8
10.285.590/0001-08;2023-12-31;10;137695;GRUPO DE MODA SOMA S.A.;Não-liderança;89;668;2636;6795;2623;28
10.324.624/0001-18;2023-12-31;5;137863;CONCESSÃO METROVIÁRIA DO RIO DE JANEIRO S.A.;Liderança;0;0;0;168;0;0
10.324.624/0001-18;2023-12-31;5;137863;CONCESSÃO METROVIÁRIA DO RIO DE JANEIRO S.A.;Não-liderança;0;0;0;1988;0;0
10.338.320/0001-00;2023-12-31;5;135815;AFLUENTE TRANSMISSÃO DE ENERGIA ELÉTRICA S/A;Liderança;0;2;0;0;0;0
10.338.320/0001-00;2023-12-31;5;135815;AFLUENTE TRANSMISSÃO DE ENERGIA ELÉTRICA S/A;Não-liderança;0;4;0;1;0;0
10.488.244/0001-19;2023-12-31;2;136018;INFRASEC SECURITIZADORA S.A.;Liderança;0;0;0;1;0;0
10.488.244/0001-19;2023-12-31;2;136018;INFRASEC SECURITIZADORA S.A.;Não-liderança;0;0;0;1;0;0
10.502.676/0001-37;2023-12-31;1;127426;TERMELÉTRICA PERNAMBUCO III S.A.;Liderança;0;10;0;0;0;0
10.502.676/0001-37;2023-12-31;1;127426;TERMELÉTRICA PERNAMBUCO III S.A.;Não-liderança;0;29;0;0;0;0
10.571.175/0001-02;2023-12-31;10;136844;URBA DESENVOLVIMENTO URBANO S.A.;Liderança;0;2;4;75;0;0
10.571.175/0001-02;2023-12-31;10;136844;URBA DESENVOLVIMENTO URBANO S.A.;Não-liderança;0;7;14;369;0;0
10.629.105/0001-68;2023-12-31;19;136834;PRIO S.A.;Liderança;1;11;1;115;9;2
10.629.105/0001-68;2023-12-31;19;136834;PRIO S.A.;Não-liderança;1;24;1;460;19;1
10.635.691/0001-53;2023-12-31;1;127914;VIARONDON CONCESSIONÁRIA DE RODOVIA S.A.;Liderança;0;0;0;88;0;0
10.635.691/0001-53;2023-12-31;1;127914;VIARONDON CONCESSIONÁRIA DE RODOVIA S.A.;Não-liderança;0;0;0;557;0;0
10.739.356/0001-03;2023-12-31;8;133425;BR ADVISORY PARTNERS PARTICIPAÇÕES S.A.;Liderança;0;0;0;50;0;0
10.739.356/0001-03;2023-12-31;8;133425;BR ADVISORY PARTNERS PARTICIPAÇÕES S.A.;Não-liderança;0;0;0;101;0;0
10.760.260/0001-19;2023-12-31;23;138038;CVC BRASIL OPERADORA E AGÊNCIA DE VIAGENS S.A.;Liderança;0;0;0;369;0;0
10.760.260/0001-19;2023-12-31;23;138038;CVC BRASIL OPERADORA E AGÊNCIA DE VIAGENS S.A.;Não-liderança;0;0;0;2063;0;0
10.807.374/0001-77;2023-12-31;4;131521;BOA SAFRA SEMENTES S.A.;Liderança;0;3;25;1;0;0
10.807.374/0001-77;2023-12-31;4;131521;BOA SAFRA SEMENTES S.A.;Não-liderança;0;37;284;82;0;0
10.835.932/0001-08;2023-12-31;9;135992;CIA ENERGETICA DE PERNAMBUCO - CELPE;Liderança;0;167;0;21;0;0
10.835.932/0001-08;2023-12-31;9;135992;CIA ENERGETICA DE PERNAMBUCO - CELPE;Não-liderança;0;3319;0;40;0;0
10.851.805/0001-00;2023-12-31;1;130805;FLEX GESTÃO DE RELACIONAMENTOS S.A.-EM RECUPERAÇÃO JUDICIAL;Liderança;0;0;0;290;82;0
10.851.805/0001-00;2023-12-31;1;130805;FLEX GESTÃO DE RELACIONAMENTOS S.A.-EM RECUPERAÇÃO JUDICIAL;Não-liderança;0;0;0;3361;954;0
11.257.352/0001-43;2023-12-31;2;128319;BSI CAPITAL SECURITIZADORA S.A.;Liderança;0;0;0;2;0;0
11.257.352/0001-43;2023-12-31;2;128319;BSI CAPITAL SECURITIZADORA S.A.;Não-liderança;0;0;0;2;0;0
11.284.204/0001-18;2023-12-31;7;135896;YOU INC INCORPORADORA E PARTICIPAÇÃO S.A;Liderança;0;0;0;93;0;0
11.284.204/0001-18;2023-12-31;7;135896;YOU INC INCORPORADORA E PARTICIPAÇÃO S.A;Não-liderança;0;0;0;43;0;0
11.421.994/0001-36;2023-12-31;18;137737;ORIZON VALORIZAÇÃO DE RESÍDUOS S.A.;Liderança;0;25;3;83;0;0
11.421.994/0001-36;2023-12-31;18;137737;ORIZON VALORIZAÇÃO DE RESÍDUOS S.A.;Não-liderança;0;692;33;1143;0;0
11.669.021/0001-10;2023-12-31;14;135683;ENAUTA PARTICIPAÇÕES S.A.;Liderança;0;1;0;60;0;0
11.669.021/0001-10;2023-12-31;14;135683;ENAUTA PARTICIPAÇÕES S.A.;Não-liderança;0;1;0;105;0;0
11.716.471/0001-17;2023-12-31;1;128179;TRX SECURITIZADORA S.A.;Liderança;0;0;0;3;0;0
11.716.471/0001-17;2023-12-31;1;128179;TRX SECURITIZADORA S.A.;Não-liderança;0;0;0;2;0;0
11.721.921/0001-60;2023-12-31;10;136541;ALPER CONSULTORIA E CORRETORA DE SEGUROS S.A.;Liderança;0;12;0;173;22;0
11.721.921/0001-60;2023-12-31;10;136541;ALPER CONSULTORIA E CORRETORA DE SEGUROS S.A.;Não-liderança;0;42;0;446;74;0
11.725.176/0001-27;2023-12-31;5;131125;BOA VISTA SERVIÇOS S.A.;Liderança;0;0;0;197;0;0
11.725.176/0001-27;2023-12-31;5;131125;BOA VISTA SERVIÇOS S.A.;Não-liderança;0;0;0;990;0;0
11.992.680/0001-93;2023-12-31;11;137624;QUALICORP CONSULTORIA E CORRETORA DE SEGUROS S.A.;Liderança;1;15;19;278;7;0
11.992.680/0001-93;2023-12-31;11;137624;QUALICORP CONSULTORIA E CORRETORA DE SEGUROS S.A.;Não-liderança;1;71;129;1867;44;0
12.049.631/0001-84;2023-12-31;4;133256;MOURA DUBEUX ENGENHARIA S/A;Liderança;0;126;0;0;0;0
12.049.631/0001-84;2023-12-31;4;133256;MOURA DUBEUX ENGENHARIA S/A;Não-liderança;0;3521;0;0;0;0
12.091.809/0001-55;2023-12-31;26;137857;3R PETROLEUM ÓLEO E GÁS S.A.;Liderança;0;61;0;80;0;0
12.091.809/0001-55;2023-12-31;26;137857;3R PETROLEUM ÓLEO E GÁS S.A.;Não-liderança;0;171;0;194;0;0
12.104.241/0004-02;2023-12-31;16;137913;ONCOCLÍNICAS DO BRASIL SERVIÇOS MÉDICOS S.A.;Liderança;7;146;76;452;14;0
12.104.241/0004-02;2023-12-31;16;137913;ONCOCLÍNICAS DO BRASIL SERVIÇOS MÉDICOS S.A.;Não-liderança;67;1425;747;4410;136;0
12.108.897/0001-50;2023-12-31;8;137392;D1000 VAREJO FARMA PARTICIPAÇÕES S.A.;Liderança;0;0;219;557;0;0
12.108.897/0001-50;2023-12-31;8;137392;D1000 VAREJO FARMA PARTICIPAÇÕES S.A.;Não-liderança;1;0;814;2177;0;0
12.181.987/0001-77;2023-12-31;16;138479;MELNICK DESENVOLVIMENTO IMOBILIÁRIO S.A.;Liderança;0;0;0;0;109;0
12.181.987/0001-77;2023-12-31;16;138479;MELNICK DESENVOLVIMENTO IMOBILIÁRIO S.A.;Não-liderança;0;0;0;0;695;0
12.300.288/0001-07;2023-12-31;8;136892;NORTE ENERGIA S.A.;Liderança;7;0;11;0;0;0
12.300.288/0001-07;2023-12-31;8;136892;NORTE ENERGIA S.A.;Não-liderança;251;0;100;0;0;0
12.420.164/0001-57;2023-12-31;15;137746;CM HOSPITALAR S.A;Liderança;0;9;12;374;192;0
12.420.164/0001-57;2023-12-31;15;137746;CM HOSPITALAR S.A;Não-liderança;8;92;122;2709;2479;0
12.528.708/0001-07;2023-12-31;11;135653;AERIS IND. E COM. DE EQUIP. PARA GER. DE ENG. S.A.;Liderança;0;304;0;22;3;0
12.528.708/0001-07;2023-12-31;11;135653;AERIS IND. E COM. DE EQUIP. PARA GER. DE ENG. S.A.;Não-liderança;1;5941;0;28;1;0
12.648.266/0001-24;2023-12-31;14;138892;AMBIPAR PARTICIPAÇÕES E EMPREENDIMENTOS S.A.;Liderança;74;293;60;904;156;681
12.648.266/0001-24;2023-12-31;14;138892;AMBIPAR PARTICIPAÇÕES E EMPREENDIMENTOS S.A.;Não-liderança;396;1570;323;4842;838;3648
12.648.327/0001-53;2023-12-31;21;137833;HIDROVIAS DO BRASIL S.A.;Liderança;0;4;1;55;4;0
12.648.327/0001-53;2023-12-31;21;137833;HIDROVIAS DO BRASIL S.A.;Não-liderança;5;7;2;95;1;0
13.009.717/0001-46;2023-12-31;9;135893;BCO ESTADO DE SERGIPE S.A. - BANESE;Liderança;0;362;0;0;0;0
13.009.717/0001-46;2023-12-31;9;135893;BCO ESTADO DE SERGIPE S.A. - BANESE;Não-liderança;0;488;0;0;0;0
13.217.485/0001-11;2023-12-31;8;137191;GRUPO SBF S.A.;Liderança;42;152;80;1058;143;0
13.217.485/0001-11;2023-12-31;8;137191;GRUPO SBF S.A.;Não-liderança;290;1091;542;5499;885;0
13.270.520/0001-66;2023-12-31;13;137760;KORA SAÚDE PARTICIPAÇÕES S.A.;Liderança;23;84;91;179;0;0
13.270.520/0001-66;2023-12-31;13;137760;KORA SAÚDE PARTICIPAÇÕES S.A.;Não-liderança;641;2301;3076;3623;0;0
13.444.994/0001-87;2023-12-31;2;128486;MLOG S.A.;Liderança;13;0;0;113;0;0
13.444.994/0001-87;2023-12-31;2;128486;MLOG S.A.;Não-liderança;154;0;0;140;0;0
13.522.948/0001-59;2023-12-31;4;136618;SAFIRA HOLDING S.A.;Liderança;0;0;0;16;0;0
13.522.948/0001-59;2023-12-31;4;136618;SAFIRA HOLDING S.A.;Não-liderança;0;0;0;93;0;0
13.574.594/0001-96;2023-12-31;16;136609;ZAMP SA;Liderança;0;0;0;325;0;0
13.574.594/0001-96;2023-12-31;16;136609;ZAMP SA;Não-liderança;227;1631;897;11493;1951;0
13.584.310/0001-42;2023-12-31;3;129865;SUGOI S.A.;Liderança;0;0;0;10;0;0
13.584.310/0001-42;2023-12-31;3;129865;SUGOI S.A.;Não-liderança;1;0;0;95;0;0
13.783.221/0004-78;2023-12-31;3;134131;MADERO INDÚSTRIA E COMÉRCIO S.A.;Liderança;16;80;133;855;600;0
13.783.221/0004-78;2023-12-31;3;134131;MADERO INDÚSTRIA E COMÉRCIO S.A.;Não-liderança;57;250;483;2642;2333;0
14.110.585/0001-07;2023-12-31;15;137804;MÉLIUZ S.A.;Liderança;11;2;2;80;8;0
14.110.585/0001-07;2023-12-31;15;137804;MÉLIUZ S.A.;Não-liderança;54;22;14;218;30;0
14.127.813/0001-51;2023-12-31;26;136832;GETNINJAS S.A.;Liderança;0;2;0;32;2;0
14.127.813/0001-51;2023-12-31;26;136832;GETNINJAS S.A.;Não-liderança;0;6;6;133;12;0
14.191.427/0001-29;2023-12-31;1;128049;GRANBIO INVESTIMENTOS S.A.;Liderança;0;5;0;6;0;0
14.191.427/0001-29;2023-12-31;1;128049;GRANBIO INVESTIMENTOS S.A.;Não-liderança;0;15;0;13;0;0
14.388.334/0001-99;2023-12-31;11;135518;PARANA BCO S.A.;Liderança;1;1;1;15;73;0
14.388.334/0001-99;2023-12-31;11;135518;PARANA BCO S.A.;Não-liderança;0;4;0;44;261;0
14.776.142/0001-50;2023-12-31;18;136557;WESTWING COMÉRCIO VAREJISTA S.A.;Liderança;0;0;2;110;0;0
14.776.142/0001-50;2023-12-31;18;136557;WESTWING COMÉRCIO VAREJISTA S.A.;Não-liderança;0;0;15;578;0;0
14.785.152/0001-51;2023-12-31;8;137799;HBR REALTY EMPREENDIMENTOS IMOBILIÁRIOS S.A.;Liderança;1;1;0;22;0;0
14.785.152/0001-51;2023-12-31;8;137799;HBR REALTY EMPREENDIMENTOS IMOBILIÁRIOS S.A.;Não-liderança;1;1;1;42;0;0
14.807.945/0001-24;2023-12-31;8;137005;SANSUY S.A. INDUSTRIA DE PLASTICOS;Liderança;0;11;0;40;2;0
14.807.945/0001-24;2023-12-31;8;137005;SANSUY S.A. INDUSTRIA DE PLASTICOS;Não-liderança;0;397;3;961;3;0
14.882.295/0001-81;2023-12-31;8;136106;CBO HOLDING S.A.;Liderança;0;0;0;404;0;0
14.882.295/0001-81;2023-12-31;8;136106;CBO HOLDING S.A.;Não-liderança;0;0;0;1355;0;0
14.998.371/0001-19;2023-12-31;5;136057;J. MACEDO S.A.;Liderança;0;134;0;102;23;0
14.998.371/0001-19;2023-12-31;5;136057;J. MACEDO S.A.;Não-liderança;0;1312;0;838;178;0
15.073.274/0001-88;2023-12-31;2;128440;PPLA PARTICIPATIONS LTD.;Liderança;0;0;0;2;0;0
15.073.274/0001-88;2023-12-31;2;128440;PPLA PARTICIPATIONS LTD.;Não-liderança;0;0;0;0;0;1
15.101.405/0001-93;2023-12-31;5;131017;CORREA RIBEIRO S.A. COMERCIO E INDUSTRIA;Liderança;0;4;1;0;0;0
15.101.405/0001-93;2023-12-31;5;131017;CORREA RIBEIRO S.A. COMERCIO E INDUSTRIA;Não-liderança;0;1;0;0;0;0
15.115.504/0001-24;2023-12-31;6;136974;TRONOX PIGMENTOS DO BRASIL S.A.;Liderança;0;12;0;3;0;0
15.115.504/0001-24;2023-12-31;6;136974;TRONOX PIGMENTOS DO BRASIL S.A.;Não-liderança;0;322;0;5;0;0
15.139.629/0001-94;2023-12-31;14;135917;CIA ELETRICIDADE EST. DA BAHIA - COELBA;Liderança;0;267;0;37;0;0
15.139.629/0001-94;2023-12-31;14;135917;CIA ELETRICIDADE EST. DA BAHIA - COELBA;Não-liderança;0;5103;0;66;0;0
15.141.799/0001-03;2023-12-31;5;136575;CIA FERRO LIGAS DA BAHIA - FERBASA;Liderança;0;155;0;0;0;0
15.141.799/0001-03;2023-12-31;5;136575;CIA FERRO LIGAS DA BAHIA - FERBASA;Não-liderança;0;3034;0;0;0;0
15.144.017/0001-90;2023-12-31;9;134209;CIA SEGUROS ALIANCA DA BAHIA;Liderança;0;6;0;2;0;0
15.144.017/0001-90;2023-12-31;9;134209;CIA SEGUROS ALIANCA DA BAHIA;Não-liderança;0;23;0;7;0;0
16.233.389/0001-55;2023-12-31;7;135762;CVLB BRASIL S.A;Liderança;12;157;2;26;0;0
16.233.389/0001-55;2023-12-31;7;135762;CVLB BRASIL S.A;Não-liderança;149;1681;20;263;0;0
16.234.171/0001-15;2023-12-31;2;129344;METANOR SA METANOL DO NE;Liderança;0;7;0;0;0;0
16.234.171/0001-15;2023-12-31;2;129344;METANOR SA METANOL DO NE;Não-liderança;0;64;0;0;0;0
16.404.287/0001-55;2023-12-31;12;137725;SUZANO S.A.;Liderança;36;269;169;840;10;80
16.404.287/0001-55;2023-12-31;12;137725;SUZANO S.A.;Não-liderança;749;5249;3527;8101;69;220
16.590.234/0001-76;2023-12-31;9;136975;AZZAS 2154 S.A.;Liderança;0;32;11;489;281;19
16.590.234/0001-76;2023-12-31;9;136975;AZZAS 2154 S.A.;Não-liderança;0;852;143;3295;2408;42
16.614.075/0001-00;2023-12-31;10;137670;DIRECIONAL ENGENHARIA S.A.;Liderança;15;23;14;187;0;0
16.614.075/0001-00;2023-12-31;10;137670;DIRECIONAL ENGENHARIA S.A.;Não-liderança;687;543;656;3207;0;0
16.670.085/0001-55;2023-12-31;16;137317;LOCALIZA RENT A CAR S.A.;Liderança;42;137;63;1291;155;5
16.670.085/0001-55;2023-12-31;16;137317;LOCALIZA RENT A CAR S.A.;Não-liderança;437;1759;625;11466;1569;3
16.676.520/0001-59;2023-12-31;9;137955;HOSPITAL MATER DEI S.A.;Liderança;64;49;20;295;0;0
16.676.520/0001-59;2023-12-31;9;137955;HOSPITAL MATER DEI S.A.;Não-liderança;1825;1052;289;4987;0;0
16.811.931/0001-00;2023-12-31;14;135498;ALPHAVILLE S.A.;Liderança;0;15;0;189;11;0
16.811.931/0001-00;2023-12-31;14;135498;ALPHAVILLE S.A.;Não-liderança;0;2;0;93;2;0
16.922.038/0001-51;2023-12-31;8;137295;ENJOEI S.A.;Liderança;0;0;0;49;0;0
16.922.038/0001-51;2023-12-31;8;137295;ENJOEI S.A.;Não-liderança;0;0;0;253;0;0
17.155.730/0001-64;2023-12-31;14;137237;CIA ENERGETICA DE MINAS GERAIS - CEMIG;Liderança;0;0;2;197;0;0
17.155.730/0001-64;2023-12-31;14;137237;CIA ENERGETICA DE MINAS GERAIS - CEMIG;Não-liderança;0;5;4;4715;0;0
17.159.229/0001-76;2023-12-31;1;127979;LABORATÓRIO TEUTO BRASILEIRO S.A.;Liderança;2;7;155;25;3;0
17.159.229/0001-76;2023-12-31;1;127979;LABORATÓRIO TEUTO BRASILEIRO S.A.;Não-liderança;15;56;3008;143;32;0
17.161.241/0001-15;2023-12-31;1;125804;MINASMAQUINAS S.A.;Liderança;0;0;0;23;0;0
17.161.241/0001-15;2023-12-31;1;125804;MINASMAQUINAS S.A.;Não-liderança;0;0;0;437;0;0
17.162.082/0001-73;2023-12-31;1;127635;MENDES JUNIOR ENGENHARIA S.A.;Liderança;0;0;0;3;0;0
17.162.082/0001-73;2023-12-31;1;127635;MENDES JUNIOR ENGENHARIA S.A.;Não-liderança;0;0;0;6;0;0
17.167.396/0001-69;2023-12-31;13;136162;ALFA HOLDINGS S.A.;Liderança;0;0;0;1;0;0
17.167.396/0001-69;2023-12-31;13;136162;ALFA HOLDINGS S.A.;Não-liderança;0;0;0;1;0;0
17.167.412/0001-13;2023-12-31;14;135013;FINANCEIRA ALFA S.A.- CRED FINANC E INVS;Liderança;0;2;4;77;8;0
17.167.412/0001-13;2023-12-31;14;135013;FINANCEIRA ALFA S.A.- CRED FINANC E INVS;Não-liderança;0;40;90;500;81;0
17.184.037/0001-10;2023-12-31;9;136152;BCO MERCANTIL DO BRASIL S.A.;Liderança;0;5;31;669;0;0
17.184.037/0001-10;2023-12-31;9;136152;BCO MERCANTIL DO BRASIL S.A.;Não-liderança;0;24;107;1992;0;0
17.193.806/0001-46;2023-12-31;10;134826;CONSORCIO ALFA DE ADMINISTRACAO S.A.;Liderança;0;0;0;1;0;0
17.193.806/0001-46;2023-12-31;10;134826;CONSORCIO ALFA DE ADMINISTRACAO S.A.;Não-liderança;0;0;0;1;0;0
17.245.234/0001-00;2023-12-31;5;133727;CIA FIACAO TECIDOS CEDRO CACHOEIRA;Liderança;0;0;0;197;0;0
17.245.234/0001-00;2023-12-31;5;133727;CIA FIACAO TECIDOS CEDRO CACHOEIRA;Não-liderança;0;1;0;3503;1;0
17.281.106/0001-03;2023-12-31;23;136672;CIA SANEAMENTO DE MINAS GERAIS-COPASA MG;Liderança;0;0;0;1345;0;0
17.281.106/0001-03;2023-12-31;23;136672;CIA SANEAMENTO DE MINAS GERAIS-COPASA MG;Não-liderança;0;0;0;8845;0;0
17.314.329/0001-20;2023-12-31;12;135495;INTERNATIONAL MEAL COMPANY ALIMENTACAO S.A.;Liderança;0;4;7;371;11;0
17.314.329/0001-20;2023-12-31;12;135495;INTERNATIONAL MEAL COMPANY ALIMENTACAO S.A.;Não-liderança;0;65;301;4727;218;2013
17.344.597/0001-94;2023-12-31;16;137130;BB SEGURIDADE PARTICIPAÇÕES S.A.;Liderança;0;0;34;4;0;0
17.344.597/0001-94;2023-12-31;16;137130;BB SEGURIDADE PARTICIPAÇÕES S.A.;Não-liderança;0;0;120;17;0;0
17.359.233/0001-88;2023-12-31;3;136043;TECIDOS E ARMARINHOS MIGUEL BARTOLOMEU S.A.;Liderança;0;1;0;279;0;0
17.359.233/0001-88;2023-12-31;3;136043;TECIDOS E ARMARINHOS MIGUEL BARTOLOMEU S.A.;Não-liderança;0;62;0;2323;0;0
17.943.792/0001-30;2023-12-31;1;127632;FULWOOD S.A.;Liderança;0;0;0;9;0;0
17.943.792/0001-30;2023-12-31;1;127632;FULWOOD S.A.;Não-liderança;0;0;0;17;0;0
18.174.270/0001-84;2023-12-31;5;137310;DOTZ S.A.;Liderança;0;1;4;64;4;0
18.174.270/0001-84;2023-12-31;5;137310;DOTZ S.A.;Não-liderança;4;15;12;266;15;0
18.328.118/0001-09;2023-12-31;8;136960;PET CENTER COMÉRCIO E PARTICIPAÇÕES S.A.;Liderança;10;51;53;523;61;0
18.328.118/0001-09;2023-12-31;8;136960;PET CENTER COMÉRCIO E PARTICIPAÇÕES S.A.;Não-liderança;131;568;509;4753;654;0
18.483.666/0001-03;2023-12-31;5;133334;HUMBERG AGRIBRASIL COMÉRCIO E EXPORTAÇÃO DE GRÃOS S.A.;Liderança;0;0;2;11;0;0
18.483.666/0001-03;2023-12-31;5;133334;HUMBERG AGRIBRASIL COMÉRCIO E EXPORTAÇÃO DE GRÃOS S.A.;Não-liderança;0;1;11;24;0;0
18.593.815/0001-97;2023-12-31;13;137702;PRINER SERVIÇOS INDUSTRIAIS S.A.;Liderança;4;233;0;431;31;0
18.593.815/0001-97;2023-12-31;13;137702;PRINER SERVIÇOS INDUSTRIAIS S.A.;Não-liderança;35;1879;0;3061;150;0
19.014.221/0001-47;2023-12-31;6;136189;CHINA THREE GORGES BRASIL ENERGIA S.A.;Liderança;0;0;41;107;13;0
19.014.221/0001-47;2023-12-31;6;136189;CHINA THREE GORGES BRASIL ENERGIA S.A.;Não-liderança;0;0;333;408;73;0
19.378.769/0001-76;2023-12-31;3;128238;INSTITUTO HERMES PARDINI S.A.;Liderança;53;4;55;637;3;0
19.378.769/0001-76;2023-12-31;3;128238;INSTITUTO HERMES PARDINI S.A.;Não-liderança;514;57;405;5713;43;0
19.403.252/0001-90;2023-12-31;9;137277;EMCCAMP RESIDENCIAL S.A.;Liderança;0;0;0;204;0;0
19.403.252/0001-90;2023-12-31;9;137277;EMCCAMP RESIDENCIAL S.A.;Não-liderança;0;0;0;978;0;0
19.521.322/0001-04;2023-12-31;4;136508;CONCESSIONÁRIA ROTA DO OESTE S.A.;Liderança;0;0;62;0;0;0
19.521.322/0001-04;2023-12-31;4;136508;CONCESSIONÁRIA ROTA DO OESTE S.A.;Não-liderança;0;0;766;0;0;0
19.526.748/0001-50;2023-12-31;2;136495;CIA INDUSTRIAL CATAGUASES;Liderança;0;0;0;78;0;0
19.526.748/0001-50;2023-12-31;2;136495;CIA INDUSTRIAL CATAGUASES;Não-liderança;0;0;0;1237;0;0
19.796.586/0001-70;2023-12-31;4;135488;BRISANET PARTICIPAÇÕES S.A.;Liderança;0;447;0;0;0;0
19.796.586/0001-70;2023-12-31;4;135488;BRISANET PARTICIPAÇÕES S.A.;Não-liderança;0;6456;0;0;0;0
20.247.322/0001-47;2023-12-31;10;135659;ALLIED TECNOLOGIA S.A.;Liderança;1;9;9;421;38;0
20.247.322/0001-47;2023-12-31;10;135659;ALLIED TECNOLOGIA S.A.;Não-liderança;0;8;10;759;50;0
20.258.278/0001-70;2023-12-31;5;136542;OUROFINO S.A.;Liderança;3;3;6;126;8;3
20.258.278/0001-70;2023-12-31;5;136542;OUROFINO S.A.;Não-liderança;19;16;26;833;40;76
20.512.706/0001-40;2023-12-31;14;136109;VITRU BRASIL EMPREENDIMENTOS, PARTICIPAÇÕES E COMÉRCIO S.A.;Liderança;1;29;56;60;700;0
20.512.706/0001-40;2023-12-31;14;136109;VITRU BRASIL EMPREENDIMENTOS, PARTICIPAÇÕES E COMÉRCIO S.A.;Não-liderança;489;1000;682;648;6512;0
21.110.778/0001-23;2023-12-31;6;134532;OLIVEIRA TRUST S.A.;Liderança;0;0;0;35;0;0
21.110.778/0001-23;2023-12-31;6;134532;OLIVEIRA TRUST S.A.;Não-liderança;0;1;0;263;9;0
21.240.146/0001-84;2023-12-31;16;136597;AGROGALAXY PARTICIPAÇÕES S.A.;Liderança;25;4;155;147;146;0
21.240.146/0001-84;2023-12-31;16;136597;AGROGALAXY PARTICIPAÇÕES S.A.;Não-liderança;125;19;718;538;750;0
21.254.073/0001-80;2023-12-31;2;136116;COMPANHIA ITAUNENSE ENERGIA E PARTICIPAÇÕES;Liderança;0;0;0;3;0;0
21.254.073/0001-80;2023-12-31;2;136116;COMPANHIA ITAUNENSE ENERGIA E PARTICIPAÇÕES;Não-liderança;0;0;0;9;0;0
21.255.567/0001-89;2023-12-31;6;136752;CIA TECIDOS SANTANENSE;Liderança;0;0;0;124;0;0
21.255.567/0001-89;2023-12-31;6;136752;CIA TECIDOS SANTANENSE;Não-liderança;0;0;0;1392;0;0
21.314.559/0001-66;2023-12-31;20;137252;MOVIDA PARTICIPACOES SA;Liderança;29;68;37;555;50;0
21.314.559/0001-66;2023-12-31;20;137252;MOVIDA PARTICIPACOES SA;Não-liderança;210;626;353;3610;422;0
21.389.501/0001-81;2023-12-31;10;136680;COMPASS GÁS E ENERGIA S.A.;Liderança;0;0;0;25;0;0
21.389.501/0001-81;2023-12-31;10;136680;COMPASS GÁS E ENERGIA S.A.;Não-liderança;0;0;0;33;0;0
21.948.105/0001-47;2023-12-31;1;128063;BTGI QUARTZO PARTICIPAÇÕES S/A;Liderança;0;0;0;5;0;0
21.948.105/0001-47;2023-12-31;1;128063;BTGI QUARTZO PARTICIPAÇÕES S/A;Não-liderança;0;0;0;1;0;0
21.976.510/0001-79;2023-12-31;1;128064;BTGI SAFIRA PARTICIPAÇÕES S/A;Liderança;0;0;0;5;0;0
21.976.510/0001-79;2023-12-31;1;128064;BTGI SAFIRA PARTICIPAÇÕES S/A;Não-liderança;0;0;0;1;0;0
22.261.473/0001-85;2023-12-31;11;137116;COMPANHIA DE GÁS DE MINAS GERAIS - GASMIG;Liderança;0;0;0;41;0;0
22.261.473/0001-85;2023-12-31;11;137116;COMPANHIA DE GÁS DE MINAS GERAIS - GASMIG;Não-liderança;0;0;0;115;0;0
22.266.175/0001-88;2023-12-31;13;137810;FERTILIZANTES HERINGER S.A.;Liderança;0;0;0;1;0;0
22.266.175/0001-88;2023-12-31;13;137810;FERTILIZANTES HERINGER S.A.;Não-liderança;0;264;206;962;78;0
22.543.331/0001-00;2023-12-31;9;136588;CAIXA SEGURIDADE PARTICIPAÇÕES S.A.;Liderança;0;0;61;4;0;0
22.543.331/0001-00;2023-12-31;9;136588;CAIXA SEGURIDADE PARTICIPAÇÕES S.A.;Não-liderança;0;0;62;2;0;0
22.677.520/0001-76;2023-12-31;7;136799;CIA TECIDOS NORTE DE MINAS COTEMINAS;Liderança;0;0;0;11;0;0
22.677.520/0001-76;2023-12-31;7;136799;CIA TECIDOS NORTE DE MINAS COTEMINAS;Não-liderança;0;0;0;1;0;0
23.041.875/0001-37;2023-12-31;5;135482;ALMACENES ÉXITO S.A.;Liderança;0;0;0;0;0;728
23.041.875/0001-37;2023-12-31;5;135482;ALMACENES ÉXITO S.A.;Não-liderança;0;0;0;0;0;32702
23.236.821/0001-27;2023-12-31;5;135757;PATRIMAR ENGENHARIA S.A.;Liderança;0;0;0;63;0;0
23.236.821/0001-27;2023-12-31;5;135757;PATRIMAR ENGENHARIA S.A.;Não-liderança;0;0;0;946;0;0
23.373.000/0001-32;2023-12-31;18;136159;VAMOS LOCAÇÃO DE CAMINHÕES, MÁQUINAS E EQUIPAMENTOS S.A.;Liderança;4;4;70;233;24;0
23.373.000/0001-32;2023-12-31;18;136159;VAMOS LOCAÇÃO DE CAMINHÕES, MÁQUINAS E EQUIPAMENTOS S.A.;Não-liderança;62;55;474;1727;174;0
23.438.929/0001-00;2023-12-31;6;133243;TRIPLE PLAY BRASIL PARTICIPAÇÕES S.A.;Liderança;0;211;0;189;0;0
23.438.929/0001-00;2023-12-31;6;133243;TRIPLE PLAY BRASIL PARTICIPAÇÕES S.A.;Não-liderança;0;980;0;644;0;0
24.230.275/0001-80;2023-12-31;2;136596;PLANO & PLANO DESENVOLVIMENTO IMOBILIÁRIO S.A.;Liderança;0;0;0;172;0;0
24.230.275/0001-80;2023-12-31;2;136596;PLANO & PLANO DESENVOLVIMENTO IMOBILIÁRIO S.A.;Não-liderança;0;1;0;256;0;0
24.396.489/0001-20;2023-12-31;10;136914;BRK AMBIENTAL PARTICIPAÇÕES S.A.;Liderança;170;280;53;376;52;0
24.396.489/0001-20;2023-12-31;10;136914;BRK AMBIENTAL PARTICIPAÇÕES S.A.;Não-liderança;1028;1593;440;2080;278;0
24.410.913/0001-44;2023-12-31;3;129753;NU HOLDINGS LTD.;Liderança;2;33;9;1228;56;336
24.410.913/0001-44;2023-12-31;3;129753;NU HOLDINGS LTD.;Não-liderança;12;254;74;4262;261;1522
24.921.465/0001-43;2023-12-31;3;131996;BLUEFIT ACADEMIAS DE GINÁSTICA E PARTICIPAÇÕES S.A.;Liderança;0;0;11;34;0;0
24.921.465/0001-43;2023-12-31;3;131996;BLUEFIT ACADEMIAS DE GINÁSTICA E PARTICIPAÇÕES S.A.;Não-liderança;22;93;550;828;116;0
24.962.466/0001-36;2023-12-31;6;135531;RUMO MALHA NORTE S.A.;Liderança;0;0;39;192;254;0
24.962.466/0001-36;2023-12-31;6;135531;RUMO MALHA NORTE S.A.;Não-liderança;6;0;1222;3263;3338;0
24.990.777/0001-09;2023-12-31;9;137712;GRUPO MATEUS S.A.;Liderança;827;2744;0;0;0;0
24.990.777/0001-09;2023-12-31;9;137712;GRUPO MATEUS S.A.;Não-liderança;10350;32891;0;0;0;0
25.089.509/0001-83;2023-12-31;7;136127;COMPANHIA DE SANEAMENTO DO TOCANTINS - SANEATINS;Liderança;158;0;0;0;0;0
25.089.509/0001-83;2023-12-31;7;136127;COMPANHIA DE SANEAMENTO DO TOCANTINS - SANEATINS;Não-liderança;939;0;0;0;0;0
25.249.439/0001-83;2023-12-31;5;134235;HOSPITAL CARE CALEDONIA S.A.;Liderança;0;0;0;173;78;0
25.249.439/0001-83;2023-12-31;5;134235;HOSPITAL CARE CALEDONIA S.A.;Não-liderança;0;0;0;5022;3057;0
25.369.840/0001-57;2023-12-31;11;137379;COMERC ENERGIA S.A.;Liderança;0;6;0;128;11;0
25.369.840/0001-57;2023-12-31;11;137379;COMERC ENERGIA S.A.;Não-liderança;3;8;3;504;52;0
26.072.786/0001-46;2023-12-31;3;136118;QESTRA TECNOLOGIA ADMINISTRAÇÃO E PARTICIPAÇÕES S.A.;Liderança;0;0;0;0;0;63
26.072.786/0001-46;2023-12-31;3;136118;QESTRA TECNOLOGIA ADMINISTRAÇÃO E PARTICIPAÇÕES S.A.;Não-liderança;0;0;0;0;0;2983
26.345.998/0001-50;2023-12-31;11;137722;TC S.A.;Liderança;0;3;1;75;13;2
26.345.998/0001-50;2023-12-31;11;137722;TC S.A.;Não-liderança;2;14;10;177;38;4
26.462.693/0001-28;2023-12-31;4;136129;LAVVI EMPREENDIMENTOS IMOBILIÁRIOS S.A.;Liderança;0;0;0;59;0;0
26.462.693/0001-28;2023-12-31;4;136129;LAVVI EMPREENDIMENTOS IMOBILIÁRIOS S.A.;Não-liderança;0;0;0;221;0;0
26.659.061/0001-59;2023-12-31;12;137861;MPM CORPÓREOS S.A.;Liderança;32;84;32;502;102;0
26.659.061/0001-59;2023-12-31;12;137861;MPM CORPÓREOS S.A.;Não-liderança;165;495;208;2685;562;0
27.093.558/0001-15;2023-12-31;9;138941;MILLS LOCAÇÃO, SERVIÇOS E LOGÍSTICA S.A.;Liderança;4;22;14;150;21;0
27.093.558/0001-15;2023-12-31;9;138941;MILLS LOCAÇÃO, SERVIÇOS E LOGÍSTICA S.A.;Não-liderança;52;235;133;1136;186;0
27.743.642/0001-37;2023-12-31;4;132766;CONSTRUTORA METROCASA S.A.;Liderança;0;0;0;1;0;0
27.743.642/0001-37;2023-12-31;4;132766;CONSTRUTORA METROCASA S.A.;Não-liderança;0;0;0;3;0;0
28.127.603/0001-78;2023-12-31;15;136663;BANESTES S.A. - BCO EST ESPIRITO SANTO;Liderança;0;0;0;446;0;0
28.127.603/0001-78;2023-12-31;15;136663;BANESTES S.A. - BCO EST ESPIRITO SANTO;Não-liderança;0;0;0;1627;0;0
28.195.667/0001-06;2023-12-31;16;137178;BCO ABC BRASIL S.A.;Liderança;0;1;2;189;7;0
28.195.667/0001-06;2023-12-31;16;137178;BCO ABC BRASIL S.A.;Não-liderança;0;8;11;785;40;0
28.594.234/0001-23;2023-12-31;9;137267;AUREN ENERGIA S.A.;Liderança;0;6;0;68;0;0
28.594.234/0001-23;2023-12-31;9;137267;AUREN ENERGIA S.A.;Não-liderança;0;26;0;201;0;0
29.780.061/0001-09;2023-12-31;10;137931;SAO CARLOS EMPREEND E PARTICIPACOES S.A.;Liderança;0;0;0;26;0;0
29.780.061/0001-09;2023-12-31;10;137931;SAO CARLOS EMPREEND E PARTICIPACOES S.A.;Não-liderança;0;0;0;50;0;0
29.950.060/0001-57;2023-12-31;4;137893;NORTEC QUÍMICA S.A.;Liderança;0;0;0;43;0;0
29.950.060/0001-57;2023-12-31;4;137893;NORTEC QUÍMICA S.A.;Não-liderança;0;0;0;260;0;0
29.980.141/0001-08;2023-12-31;7;137329;OCEÂNICA ENGENHARIA E CONSULTORIA S.A.;Liderança;0;0;0;65;0;0
29.980.141/0001-08;2023-12-31;7;137329;OCEÂNICA ENGENHARIA E CONSULTORIA S.A.;Não-liderança;6;54;0;1589;22;0
30.213.493/0001-09;2023-12-31;4;135143;TEGRA INCORPORADORA S.A.;Liderança;0;0;1;198;0;0
30.213.493/0001-09;2023-12-31;4;135143;TEGRA INCORPORADORA S.A.;Não-liderança;0;0;2;724;0;0
30.306.294/0001-45;2023-12-31;14;138412;BCO BTG PACTUAL S.A.;Liderança;0;6;8;1369;23;382
30.306.294/0001-45;2023-12-31;14;138412;BCO BTG PACTUAL S.A.;Não-liderança;0;3;36;3566;61;545
30.540.991/0001-66;2023-12-31;4;136008;HAGA S.A. INDUSTRIA E COMERCIO;Liderança;0;0;0;23;0;0
30.540.991/0001-66;2023-12-31;4;136008;HAGA S.A. INDUSTRIA E COMERCIO;Não-liderança;0;0;0;133;0;0
30.723.886/0001-62;2023-12-31;3;128855;BANCO MODAL S.A.;Liderança;0;1;4;222;3;0
30.723.886/0001-62;2023-12-31;3;128855;BANCO MODAL S.A.;Não-liderança;1;17;9;788;46;0
31.553.627/0001-01;2023-12-31;11;136766;MOBLY S.A.;Liderança;0;4;2;177;6;1
31.553.627/0001-01;2023-12-31;11;136766;MOBLY S.A.;Não-liderança;21;9;8;557;19;4
31.748.174/0001-60;2023-12-31;10;135631;VERO S.A.;Liderança;0;0;0;187;100;0
31.748.174/0001-60;2023-12-31;10;135631;VERO S.A.;Não-liderança;0;0;0;1287;996;0
32.021.201/0001-61;2023-12-31;12;134315;ORIGEM ENERGIA S.A.;Liderança;0;130;0;56;0;0
32.021.201/0001-61;2023-12-31;12;134315;ORIGEM ENERGIA S.A.;Não-liderança;0;553;0;159;0;0
32.681.371/0001-72;2023-12-31;3;134520;VIX LOGÍSTICA S.A.;Liderança;6;17;1;227;5;0
32.681.371/0001-72;2023-12-31;3;134520;VIX LOGÍSTICA S.A.;Não-liderança;739;2005;28;6404;353;0
32.785.497/0001-97;2023-12-31;12;137902;NATURA &CO HOLDING S.A.;Liderança;11;31;10;742;12;0
32.785.497/0001-97;2023-12-31;12;137902;NATURA &CO HOLDING S.A.;Não-liderança;418;1013;121;5802;203;0
33.000.167/0001-01;2023-12-31;26;137831;PETROLEO BRASILEIRO S.A. PETROBRAS;Liderança;49;263;27;4058;131;0
33.000.167/0001-01;2023-12-31;26;137831;PETROLEO BRASILEIRO S.A. PETROBRAS;Não-liderança;592;3127;123;28927;1385;0
33.035.536/0001-00;2023-12-31;4;135887;JOAO FORTES ENGENHARIA S.A. - EM RECUPERAÇÃO JUDICIAL;Liderança;0;0;0;20;0;0
33.035.536/0001-00;2023-12-31;4;135887;JOAO FORTES ENGENHARIA S.A. - EM RECUPERAÇÃO JUDICIAL;Não-liderança;0;0;7;75;0;0
33.040.601/0001-87;2023-12-31;4;136154;MERCANTIL FINANCEIRA S.A. - CRÉDITO, FINANCIAMENTO E INVESTI;Liderança;0;0;0;7;0;0
33.040.601/0001-87;2023-12-31;4;136154;MERCANTIL FINANCEIRA S.A. - CRÉDITO, FINANCIAMENTO E INVESTI;Não-liderança;0;0;0;1;0;0
33.041.260/0652-90;2023-12-31;23;137451;GRUPO CASAS BAHIA S.A.;Liderança;59;220;103;1094;120;0
33.041.260/0652-90;2023-12-31;23;137451;GRUPO CASAS BAHIA S.A.;Não-liderança;1256;5636;2802;27959;2617;0
33.042.730/0001-04;2023-12-31;9;137659;CIA SIDERURGICA NACIONAL;Liderança;27;124;0;1094;24;0
33.042.730/0001-04;2023-12-31;9;137659;CIA SIDERURGICA NACIONAL;Não-liderança;374;1726;0;22095;666;0
33.050.071/0001-58;2023-12-31;14;135754;AMPLA ENERGIA E SERVICOS S.A.;Liderança;0;1;0;125;0;0
33.050.071/0001-58;2023-12-31;14;135754;AMPLA ENERGIA E SERVICOS S.A.;Não-liderança;0;12;0;1025;0;0
33.102.476/0001-92;2023-12-31;4;137041;MONTEIRO ARANHA S.A.;Liderança;0;0;0;4;0;0
33.102.476/0001-92;2023-12-31;4;137041;MONTEIRO ARANHA S.A.;Não-liderança;0;0;0;22;0;0
33.113.309/0001-47;2023-12-31;12;136868;VALID SOLUÇÕES S.A.;Liderança;3;11;11;178;10;0
33.113.309/0001-47;2023-12-31;12;136868;VALID SOLUÇÕES S.A.;Não-liderança;76;480;149;1635;62;0
33.130.691/0001-05;2023-12-31;6;135829;WILSON SONS S.A.;Liderança;5;68;0;219;58;0
33.130.691/0001-05;2023-12-31;6;135829;WILSON SONS S.A.;Não-liderança;88;975;0;1478;1029;0
33.200.049/0001-47;2023-12-31;1;127255;HOTEIS OTHON S.A. - EM RECUPERAÇÃO JUDICIAL;Liderança;0;0;0;52;0;0
33.200.049/0001-47;2023-12-31;1;127255;HOTEIS OTHON S.A. - EM RECUPERAÇÃO JUDICIAL;Não-liderança;0;0;0;313;0;0
33.228.024/0001-51;2023-12-31;3;136911;WLM PART. E COMÉRCIO DE MÁQUINAS E VEÍCULOS S.A.;Liderança;31;0;0;102;0;0
33.228.024/0001-51;2023-12-31;3;136911;WLM PART. E COMÉRCIO DE MÁQUINAS E VEÍCULOS S.A.;Não-liderança;213;0;0;600;0;0
33.256.439/0001-39;2023-12-31;7;137601;ULTRAPAR PARTICIPACOES S.A.;Liderança;14;123;27;935;75;0
33.256.439/0001-39;2023-12-31;7;137601;ULTRAPAR PARTICIPACOES S.A.;Não-liderança;197;1174;494;5748;991;0
33.352.394/0001-04;2023-12-31;5;135886;CIA ESTADUAL DE ÁGUAS E ESGOTOS - CEDAE;Liderança;0;0;0;577;0;0
33.352.394/0001-04;2023-12-31;5;135886;CIA ESTADUAL DE ÁGUAS E ESGOTOS - CEDAE;Não-liderança;0;0;0;2751;0;0
33.376.989/0001-91;2023-12-31;13;137703;IRB - BRASIL RESSEGUROS S.A.;Liderança;0;0;0;50;0;4
33.376.989/0001-91;2023-12-31;13;137703;IRB - BRASIL RESSEGUROS S.A.;Não-liderança;0;0;0;319;0;7
33.386.210/0001-19;2023-12-31;1;127857;SONDOTECNICA ENGENHARIA SOLOS S.A.;Liderança;0;0;0;11;0;0
33.386.210/0001-19;2023-12-31;1;127857;SONDOTECNICA ENGENHARIA SOLOS S.A.;Não-liderança;0;0;0;293;0;0
33.467.572/0001-34;2023-12-31;2;136507;TEKNO S.A. - INDUSTRIA E COMERCIO;Liderança;0;0;0;38;0;0
33.467.572/0001-34;2023-12-31;2;136507;TEKNO S.A. - INDUSTRIA E COMERCIO;Não-liderança;0;0;0;336;2;0
33.541.368/0001-16;2023-12-31;6;136210;CIA HIDRO ELÉTRICA DO SÃO FRANCISCO;Liderança;0;253;0;0;0;0
33.541.368/0001-16;2023-12-31;6;136210;CIA HIDRO ELÉTRICA DO SÃO FRANCISCO;Não-liderança;0;2441;0;0;0;0
33.572.408/0001-97;2023-12-31;5;136586;RUMO MALHA CENTRAL S.A.;Liderança;0;0;39;192;254;0
33.572.408/0001-97;2023-12-31;5;136586;RUMO MALHA CENTRAL S.A.;Não-liderança;6;0;1222;3263;3338;0
33.592.510/0001-54;2023-12-31;22;137025;VALE S.A.;Liderança;1010;363;5;2270;0;1707
33.592.510/0001-54;2023-12-31;22;137025;VALE S.A.;Não-liderança;15497;6223;32;27941;0;9468
33.611.500/0001-19;2023-12-31;13;138034;GERDAU S.A.;Liderança;8;162;18;1850;386;2186
33.611.500/0001-19;2023-12-31;13;138034;GERDAU S.A.;Não-liderança;37;1771;166;12380;2780;8854
33.839.910/0001-11;2023-12-31;10;136574;VIVARA PARTICIPAÇÕES S.A.;Liderança;80;54;31;345;70;0
33.839.910/0001-11;2023-12-31;10;136574;VIVARA PARTICIPAÇÕES S.A.;Não-liderança;894;433;275;1872;403;0
33.938.119/0001-69;2023-12-31;5;137821;CIA DISTRIB DE GAS DO RIO DE JANEIRO-CEG;Liderança;1;2;0;106;0;0
33.938.119/0001-69;2023-12-31;5;137821;CIA DISTRIB DE GAS DO RIO DE JANEIRO-CEG;Não-liderança;0;6;4;250;1;2
33.958.695/0001-78;2023-12-31;15;135966;UNIPAR CARBOCLORO S.A.;Liderança;0;0;0;121;0;74
33.958.695/0001-78;2023-12-31;15;135966;UNIPAR CARBOCLORO S.A.;Não-liderança;0;0;0;758;0;478
34.169.557/0001-72;2023-12-31;4;130647;BCO MERCANTIL DE INVESTIMENTOS S.A.;Liderança;0;0;0;4;0;0
34.169.557/0001-72;2023-12-31;4;130647;BCO MERCANTIL DE INVESTIMENTOS S.A.;Não-liderança;0;0;0;3;0;0
34.274.233/0001-02;2023-12-31;22;138000;VIBRA ENERGIA S/A;Liderança;11;22;10;217;13;0
34.274.233/0001-02;2023-12-31;22;138000;VIBRA ENERGIA S/A;Não-liderança;218;497;205;1980;190;1
35.727.157/0001-06;2023-12-31;3;137551;EZ INC INCORPORAÇÕES COMERCIAIS S.A.;Liderança;0;0;0;2;0;0
35.727.157/0001-06;2023-12-31;3;137551;EZ INC INCORPORAÇÕES COMERCIAIS S.A.;Não-liderança;0;0;0;65;0;0
35.791.391/0001-94;2023-12-31;9;138043;QUALITY SOFTWARE S.A.;Liderança;1;9;1;93;38;0
35.791.391/0001-94;2023-12-31;9;138043;QUALITY SOFTWARE S.A.;Não-liderança;38;105;35;892;543;16
36.542.025/0001-64;2023-12-31;5;134174;BRQ SOLUCOES EM INFORMATICA S.A.;Liderança;0;5;1;240;32;3
36.542.025/0001-64;2023-12-31;5;134174;BRQ SOLUCOES EM INFORMATICA S.A.;Não-liderança;15;222;83;2251;292;4
37.663.076/0001-07;2023-12-31;15;137741;AES BRASIL ENERGIA S.A.;Liderança;0;8;0;90;0;0
37.663.076/0001-07;2023-12-31;15;137741;AES BRASIL ENERGIA S.A.;Não-liderança;0;70;0;426;0;0
37.702.340/0001-74;2023-12-31;2;130746;MONTE RODOVIAS S.A.;Liderança;0;79;0;12;1;0
37.702.340/0001-74;2023-12-31;2;130746;MONTE RODOVIAS S.A.;Não-liderança;3;503;1;6;0;0
38.199.406/0001-18;2023-12-31;2;133614;RIO ALTO ENERGIAS RENOVÁVEIS S.A.;Liderança;0;40;0;1;0;0
38.199.406/0001-18;2023-12-31;2;133614;RIO ALTO ENERGIAS RENOVÁVEIS S.A.;Não-liderança;0;343;0;13;0;0
38.307.135/0001-77;2023-12-31;4;135507;G2D INVESTMENTS, LTD.;Liderança;0;0;0;0;0;1
38.307.135/0001-77;2023-12-31;4;135507;G2D INVESTMENTS, LTD.;Não-liderança;0;0;0;0;0;1
38.456.921/0001-36;2023-12-31;14;136778;INFRACOMMERCE CXAAS S.A.;Liderança;0;1;0;304;0;0
38.456.921/0001-36;2023-12-31;14;136778;INFRACOMMERCE CXAAS S.A.;Não-liderança;0;19;22;2856;0;0
39.115.514/0001-28;2023-12-31;4;136587;RUMO MALHA OESTE S.A.;Liderança;0;0;39;192;254;0
39.115.514/0001-28;2023-12-31;4;136587;RUMO MALHA OESTE S.A.;Não-liderança;6;0;1222;3263;3338;0
39.346.861/0350-38;2023-12-31;7;137657;CENCOSUD BRASIL COMERCIAL S.A.;Liderança;0;1149;286;1102;0;0
39.346.861/0350-38;2023-12-31;7;137657;CENCOSUD BRASIL COMERCIAL S.A.;Não-liderança;0;7419;1388;8423;0;0
39.580.673/0001-01;2023-12-31;6;137846;BRK AMBIENTAL - REGIÃO METROPOLITANA DE MACEIÓ S.A.;Liderança;0;94;0;0;0;0
39.580.673/0001-01;2023-12-31;6;137846;BRK AMBIENTAL - REGIÃO METROPOLITANA DE MACEIÓ S.A.;Não-liderança;0;498;0;0;0;0
39.881.421/0001-04;2023-12-31;2;137198;COMPANHIA ESTADUAL DE GERAÇÃO DE ENERGIA ELÉTRICA - CEEE-G;Liderança;0;0;0;0;59;0
39.881.421/0001-04;2023-12-31;2;137198;COMPANHIA ESTADUAL DE GERAÇÃO DE ENERGIA ELÉTRICA - CEEE-G;Não-liderança;0;0;0;0;159;0
40.159.947/0001-64;2023-12-31;7;137862;HMOBI PARTICIPAÇÕES S.A.;Liderança;0;0;0;168;0;0
40.159.947/0001-64;2023-12-31;7;137862;HMOBI PARTICIPAÇÕES S.A.;Não-liderança;0;0;0;1988;0;0
40.263.170/0001-83;2023-12-31;4;135922;SOLVI ESSENCIS AMBIENTAL S.A.;Liderança;14;55;6;416;75;0
40.263.170/0001-83;2023-12-31;4;135922;SOLVI ESSENCIS AMBIENTAL S.A.;Não-liderança;151;3018;45;6790;228;0
40.337.136/0001-06;2023-12-31;11;137840;TERRA SANTA PROPRIEDADES AGRÍCOLAS S.A.;Liderança;0;0;0;10;0;0
40.337.136/0001-06;2023-12-31;11;137840;TERRA SANTA PROPRIEDADES AGRÍCOLAS S.A.;Não-liderança;0;0;4;7;0;0
40.593.395/0001-06;2023-12-31;3;128889;IFIN PARTICIPAÇÕES S.A.;Liderança;0;0;0;3;0;0
40.593.395/0001-06;2023-12-31;3;128889;IFIN PARTICIPAÇÕES S.A.;Não-liderança;0;0;0;0;0;1
41.052.420/0001-07;2023-12-31;7;132838;SOLAR BEBIDAS S.A.;Liderança;245;991;97;0;0;0
41.052.420/0001-07;2023-12-31;7;132838;SOLAR BEBIDAS S.A.;Não-liderança;3194;11953;1305;0;0;0
41.096.674/0001-19;2023-12-31;6;136716;CANTU STORE S.A.;Liderança;1;16;6;32;60;0
41.096.674/0001-19;2023-12-31;6;136716;CANTU STORE S.A.;Não-liderança;27;144;50;257;561;0
41.886.692/0001-02;2023-12-31;4;137399;CONCESSIONARIA ROTA DE SANTA MARIA S.A;Liderança;0;0;0;0;10;0
41.886.692/0001-02;2023-12-31;4;137399;CONCESSIONARIA ROTA DE SANTA MARIA S.A;Não-liderança;0;0;0;0;295;0
42.150.391/0001-70;2023-12-31;11;137858;BRASKEM S.A.;Liderança;0;162;0;412;91;316
42.150.391/0001-70;2023-12-31;11;137858;BRASKEM S.A.;Não-liderança;0;2138;0;2212;1478;1859
42.233.757/0001-75;2023-12-31;1;128045;ALVAREZ & MARSAL INVESTIMENTOS I S.A.;Liderança;0;0;0;2;0;0
42.233.757/0001-75;2023-12-31;1;128045;ALVAREZ & MARSAL INVESTIMENTOS I S.A.;Não-liderança;0;0;0;0;0;1
42.278.291/0001-24;2023-12-31;10;137740;LOG-IN LOGISTICA INTERMODAL S.A.;Liderança;1;3;0;154;3;4
42.278.291/0001-24;2023-12-31;10;137740;LOG-IN LOGISTICA INTERMODAL S.A.;Não-liderança;15;21;0;793;29;8
42.278.473/0001-03;2023-12-31;9;137096;WIZ CO PARTICIPAÇÕES E CORRETAGEM DE SEGUROS S.A.;Liderança;0;7;218;77;10;0
42.278.473/0001-03;2023-12-31;9;137096;WIZ CO PARTICIPAÇÕES E CORRETAGEM DE SEGUROS S.A.;Não-liderança;2;67;1221;281;49;0
42.331.462/0001-31;2023-12-31;5;133674;EMBPAR PARTICIPAÇÕES S/A;Liderança;0;0;0;0;64;0
42.331.462/0001-31;2023-12-31;5;133674;EMBPAR PARTICIPAÇÕES S/A;Não-liderança;0;0;0;0;572;0
42.500.384/0001-51;2023-12-31;6;134406;SERENA ENERGIA S.A.;Liderança;0;12;1;79;3;1
42.500.384/0001-51;2023-12-31;6;134406;SERENA ENERGIA S.A.;Não-liderança;0;22;1;210;6;3
42.737.954/0001-21;2023-12-31;9;134281;INTER & CO, INC.;Liderança;0;22;3;574;5;24
42.737.954/0001-21;2023-12-31;9;134281;INTER & CO, INC.;Não-liderança;6;251;37;3042;91;16
42.771.949/0001-35;2023-12-31;19;137491;ALLIANÇA SAÚDE E PARTICIPAÇÕES S.A.;Liderança;13;65;18;363;8;0
42.771.949/0001-35;2023-12-31;19;137491;ALLIANÇA SAÚDE E PARTICIPAÇÕES S.A.;Não-liderança;159;1028;155;3633;67;0
43.283.811/0001-50;2023-12-31;1;127902;KALUNGA S.A;Liderança;6;60;24;453;45;0
43.283.811/0001-50;2023-12-31;1;127902;KALUNGA S.A;Não-liderança;36;435;180;3319;315;0
43.470.988/0001-65;2023-12-31;11;137609;EVEN CONSTRUTORA E INCORPORADORA S.A.;Liderança;0;0;0;95;0;0
43.470.988/0001-65;2023-12-31;11;137609;EVEN CONSTRUTORA E INCORPORADORA S.A.;Não-liderança;0;0;0;588;0;0
43.513.237/0001-89;2023-12-31;1;131652;AUTOMOB S.A.;Liderança;0;49;0;260;30;0
43.513.237/0001-89;2023-12-31;1;131652;AUTOMOB S.A.;Não-liderança;0;435;0;1815;203;0
43.776.517/0001-80;2023-12-31;11;136741;CIA SANEAMENTO BASICO EST SAO PAULO;Liderança;0;0;0;1904;0;0
43.776.517/0001-80;2023-12-31;11;136741;CIA SANEAMENTO BASICO EST SAO PAULO;Não-liderança;0;0;0;10395;0;0
43.948.405/0001-69;2023-12-31;2;136669;LUPO S.A.;Liderança;0;118;0;261;0;0
43.948.405/0001-69;2023-12-31;2;136669;LUPO S.A.;Não-liderança;0;3016;0;5559;0;0
45.242.914/0001-05;2023-12-31;4;131429;C&A MODAS S.A.;Liderança;31;101;28;957;28;0
45.242.914/0001-05;2023-12-31;4;131429;C&A MODAS S.A.;Não-liderança;1069;3538;888;8249;1116;0
45.365.558/0001-09;2023-12-31;9;137671;VITTIA S.A.;Liderança;5;5;27;142;17;0
45.365.558/0001-09;2023-12-31;9;137671;VITTIA S.A.;Não-liderança;6;17;43;908;25;0
45.453.214/0001-51;2023-12-31;9;137936;PROFARMA DISTRIB PROD FARMACEUTICOS S.A.;Liderança;0;39;26;280;31;0
45.453.214/0001-51;2023-12-31;9;137936;PROFARMA DISTRIB PROD FARMACEUTICOS S.A.;Não-liderança;0;424;338;2477;339;0
45.987.245/0001-92;2023-12-31;9;136700;BAHEMA EDUCAÇÃO S.A.;Liderança;0;12;0;215;22;0
45.987.245/0001-92;2023-12-31;9;136700;BAHEMA EDUCAÇÃO S.A.;Não-liderança;0;257;1;2113;270;0
46.119.855/0001-37;2023-12-31;5;133162;SOCIEDADE ABASTECIMENTO DE ÁGUA E SANEAMENTO S.A - SANASA;Liderança;0;0;0;137;0;0
46.119.855/0001-37;2023-12-31;5;133162;SOCIEDADE ABASTECIMENTO DE ÁGUA E SANEAMENTO S.A - SANASA;Não-liderança;0;0;0;2000;0;0
47.508.411/0001-56;2023-12-31;9;134287;CIA BRASILEIRA DE DISTRIBUICAO;Liderança;0;56;22;1021;0;0
47.508.411/0001-56;2023-12-31;9;134287;CIA BRASILEIRA DE DISTRIBUICAO;Não-liderança;0;3319;1782;32643;0;0
47.960.950/0001-21;2023-12-31;6;136524;MAGAZINE LUIZA S.A.;Liderança;191;1083;336;3083;884;0
47.960.950/0001-21;2023-12-31;6;136524;MAGAZINE LUIZA S.A.;Não-liderança;1149;6085;1507;16266;3930;0
49.263.189/0001-02;2023-12-31;5;137787;HELBOR EMPREENDIMENTOS S.A.;Liderança;0;0;0;65;0;0
49.263.189/0001-02;2023-12-31;5;137787;HELBOR EMPREENDIMENTOS S.A.;Não-liderança;0;0;0;215;0;0
49.669.856/0001-43;2023-12-31;11;137826;VESTE S.A. ESTILO;Liderança;7;59;45;342;101;0
49.669.856/0001-43;2023-12-31;11;137826;VESTE S.A. ESTILO;Não-liderança;23;248;408;1626;939;0
50.564.053/0001-03;2023-12-31;5;137135;BOMBRIL S.A.;Liderança;0;6;0;57;0;0
50.564.053/0001-03;2023-12-31;5;137135;BOMBRIL S.A.;Não-liderança;0;416;0;1853;0;0
50.746.577/0001-15;2023-12-31;13;136131;COSAN S.A.;Liderança;0;0;0;42;0;0
50.746.577/0001-15;2023-12-31;13;136131;COSAN S.A.;Não-liderança;0;0;0;88;0;0
50.926.955/0001-42;2023-12-31;9;136697;VULCABRAS S.A.;Liderança;0;747;0;112;81;11
50.926.955/0001-42;2023-12-31;9;136697;VULCABRAS S.A.;Não-liderança;0;15559;0;403;896;218
51.128.999/0001-90;2023-12-31;6;136010;NUTRIPLANT INDUSTRIA E COMERCIO S.A.;Liderança;0;0;0;19;0;0
51.128.999/0001-90;2023-12-31;6;136010;NUTRIPLANT INDUSTRIA E COMERCIO S.A.;Não-liderança;0;0;0;162;0;0
51.928.174/0001-50;2023-12-31;7;137125;PLASCAR PARTICIPACOES INDUSTRIAIS S.A.;Liderança;0;0;0;212;0;0
51.928.174/0001-50;2023-12-31;7;137125;PLASCAR PARTICIPACOES INDUSTRIAIS S.A.;Não-liderança;0;0;0;1974;0;0
52.123.916/0001-32;2023-12-31;3;131674;DORI ALIMENTOS S.A.;Liderança;0;6;2;108;26;0
52.123.916/0001-32;2023-12-31;3;131674;DORI ALIMENTOS S.A.;Não-liderança;10;47;16;2170;662;0
52.548.435/0001-79;2023-12-31;9;136718;JSL S.A.;Liderança;41;147;42;799;107;0
52.548.435/0001-79;2023-12-31;9;136718;JSL S.A.;Não-liderança;1937;4473;1117;16074;2727;1
53.113.791/0001-22;2023-12-31;9;136153;TOTVS S.A.;Liderança;0;27;37;1057;361;47
53.113.791/0001-22;2023-12-31;9;136153;TOTVS S.A.;Não-liderança;1;222;293;5947;2208;231
56.643.018/0001-66;2023-12-31;7;137433;EUCATEX S.A. INDUSTRIA E COMERCIO;Liderança;0;4;1;255;5;0
56.643.018/0001-66;2023-12-31;7;137433;EUCATEX S.A. INDUSTRIA E COMERCIO;Não-liderança;0;29;5;2618;32;0
56.720.428/0001-63;2023-12-31;7;135647;ROMI S.A.;Liderança;0;1;0;103;2;14
56.720.428/0001-63;2023-12-31;7;135647;ROMI S.A.;Não-liderança;0;6;2;1801;22;48
56.992.423/0001-90;2023-12-31;2;136160;BICICLETAS MONARK S.A.;Liderança;0;0;0;6;0;0
56.992.423/0001-90;2023-12-31;2;136160;BICICLETAS MONARK S.A.;Não-liderança;0;1;1;22;0;0
58.119.199/0001-51;2023-12-31;7;137798;ODONTOPREV S.A.;Liderança;0;25;0;141;1;17
58.119.199/0001-51;2023-12-31;7;137798;ODONTOPREV S.A.;Não-liderança;5;467;2;990;33;45
58.430.828/0001-60;2023-12-31;4;136915;BLAU FARMACÊUTICA S.A.;Liderança;0;3;6;135;4;0
58.430.828/0001-60;2023-12-31;4;136915;BLAU FARMACÊUTICA S.A.;Não-liderança;0;5;100;1361;7;0
59.105.999/0001-86;2023-12-31;9;137424;WHIRLPOOL S.A.;Liderança;1;0;0;129;35;0
59.105.999/0001-86;2023-12-31;9;137424;WHIRLPOOL S.A.;Não-liderança;653;0;0;4659;6453;0
59.285.411/0001-13;2023-12-31;17;137010;BCO PAN S.A.;Liderança;2;4;3;500;3;0
59.285.411/0001-13;2023-12-31;17;137010;BCO PAN S.A.;Não-liderança;19;43;38;2210;34;0
59.418.806/0001-47;2023-12-31;7;136807;TRACK & FIELD CO S.A.;Liderança;0;0;0;102;2;0
59.418.806/0001-47;2023-12-31;7;136807;TRACK & FIELD CO S.A.;Não-liderança;0;24;35;1171;133;0
59.717.553/0001-02;2023-12-31;8;135997;GRUPO MULTI S.A.;Liderança;37;9;5;263;10;12
59.717.553/0001-02;2023-12-31;8;135997;GRUPO MULTI S.A.;Não-liderança;1129;139;55;3950;95;69
59.789.545/0001-71;2023-12-31;2;130853;POLPAR S.A.;Liderança;0;0;0;1;0;0
59.789.545/0001-71;2023-12-31;2;130853;POLPAR S.A.;Não-liderança;0;0;0;1;0;0
59.981.829/0001-65;2023-12-31;5;138010;RODOBENS SA;Liderança;32;35;60;266;5;0
59.981.829/0001-65;2023-12-31;5;138010;RODOBENS SA;Não-liderança;364;332;491;1599;31;0
60.444.437/0001-46;2023-12-31;7;136668;LIGHT SERVICOS DE ELETRICIDADE S.A.;Liderança;0;0;0;141;0;0
60.444.437/0001-46;2023-12-31;7;136668;LIGHT SERVICOS DE ELETRICIDADE S.A.;Não-liderança;0;0;0;4105;0;0
60.476.884/0001-87;2023-12-31;15;137603;MAHLE-METAL LEVE S.A.;Liderança;0;0;0;334;0;0
60.476.884/0001-87;2023-12-31;15;137603;MAHLE-METAL LEVE S.A.;Não-liderança;0;0;0;6535;0;0
60.500.139/0001-26;2023-12-31;11;131217;SARAIVA LIVREIROS S.A. - EM RECUPERAÇÃO JUDICIAL;Liderança;8;8;7;52;8;0
60.500.139/0001-26;2023-12-31;11;131217;SARAIVA LIVREIROS S.A. - EM RECUPERAÇÃO JUDICIAL;Não-liderança;43;34;23;222;38;0
60.537.263/0001-66;2023-12-31;7;137619;ALLPARK EMPREENDIMENTOS, PARTICIPAÇÕES E SERVIÇOS S.A.;Liderança;0;28;4;182;22;0
60.537.263/0001-66;2023-12-31;7;137619;ALLPARK EMPREENDIMENTOS, PARTICIPAÇÕES E SERVIÇOS S.A.;Não-liderança;5;459;149;4017;550;0
60.543.816/0001-93;2023-12-31;13;135854;IGUATEMI S.A.;Liderança;0;0;0;173;0;0
60.543.816/0001-93;2023-12-31;13;135854;IGUATEMI S.A.;Não-liderança;0;0;0;440;0;0
60.651.809/0001-05;2023-12-31;5;137466;SUZANO HOLDING S.A.;Liderança;0;0;0;8;0;0
60.651.809/0001-05;2023-12-31;5;137466;SUZANO HOLDING S.A.;Não-liderança;0;0;0;19;0;0
60.730.348/0001-66;2023-12-31;2;131732;CIA MELHORAMENTOS DE SAO PAULO;Liderança;0;0;0;63;0;0
60.730.348/0001-66;2023-12-31;2;131732;CIA MELHORAMENTOS DE SAO PAULO;Não-liderança;0;0;0;333;0;0
60.746.948/0001-12;2023-12-31;27;137689;BCO BRADESCO S.A.;Liderança;503;1751;688;7326;1441;0
60.746.948/0001-12;2023-12-31;27;137689;BCO BRADESCO S.A.;Não-liderança;2903;10507;3733;49479;9480;0
60.770.336/0001-65;2023-12-31;20;135011;BCO ALFA DE INVESTIMENTO S.A.;Liderança;0;1;1;101;4;0
60.770.336/0001-65;2023-12-31;20;135011;BCO ALFA DE INVESTIMENTO S.A.;Não-liderança;0;0;1;279;11;0
60.840.055/0001-31;2023-12-31;12;136614;FLEURY S.A.;Liderança;0;67;5;854;40;0
60.840.055/0001-31;2023-12-31;12;136614;FLEURY S.A.;Não-liderança;0;1269;204;10397;766;0
60.851.615/0001-53;2023-12-31;5;137770;BARDELLA S.A. INDUSTRIAS MECANICAS EM RECUPERAÇÃO JUDICIAL;Liderança;0;0;0;10;0;0
60.851.615/0001-53;2023-12-31;5;137770;BARDELLA S.A. INDUSTRIAS MECANICAS EM RECUPERAÇÃO JUDICIAL;Não-liderança;0;0;0;92;0;0
60.872.504/0001-23;2023-12-31;11;136081;ITAU UNIBANCO HOLDING S.A.;Liderança;191;647;471;10258;948;0
60.872.504/0001-23;2023-12-31;11;136081;ITAU UNIBANCO HOLDING S.A.;Não-liderança;1012;3842;2671;67378;5373;0
60.884.319/0001-59;2023-12-31;1;127809;NORDON INDUSTRIAS METALURGICAS S.A.;Liderança;0;0;0;1;0;0
60.884.319/0001-59;2023-12-31;1;127809;NORDON INDUSTRIAS METALURGICAS S.A.;Não-liderança;0;0;0;1;0;0
60.894.730/0001-05;2023-12-31;19;137617;USINAS SID DE MINAS GERAIS S.A.-USIMINAS;Liderança;0;1;0;298;6;0
60.894.730/0001-05;2023-12-31;19;137617;USINAS SID DE MINAS GERAIS S.A.-USIMINAS;Não-liderança;0;143;0;15233;197;0
61.022.042/0001-18;2023-12-31;5;137673;CONSTRUTORA ADOLPHO LINDENBERG S.A.;Liderança;0;0;0;36;0;0
61.022.042/0001-18;2023-12-31;5;137673;CONSTRUTORA ADOLPHO LINDENBERG S.A.;Não-liderança;0;0;0;90;0;0
61.065.298/0001-02;2023-12-31;3;134156;MANGELS INDUSTRIAL S.A.;Liderança;1;0;0;60;1;0
61.065.298/0001-02;2023-12-31;3;134156;MANGELS INDUSTRIAL S.A.;Não-liderança;17;0;0;1710;56;0
61.065.751/0001-80;2023-12-31;4;137803;ROSSI RESIDENCIAL S.A. - EM RECUPERAÇÃO JUDICIAL;Liderança;0;0;0;18;0;0
61.065.751/0001-80;2023-12-31;4;137803;ROSSI RESIDENCIAL S.A. - EM RECUPERAÇÃO JUDICIAL;Não-liderança;1;3;2;66;6;0
61.079.117/0001-05;2023-12-31;15;137696;ALPARGATAS S.A.;Liderança;0;11;0;89;0;28
61.079.117/0001-05;2023-12-31;15;137696;ALPARGATAS S.A.;Não-liderança;0;11525;0;4238;0;244
61.080.313/0001-91;2023-12-31;1;124818;COBRASMA S.A.;Liderança;0;0;0;0;0;0
61.080.313/0001-91;2023-12-31;1;124818;COBRASMA S.A.;Não-liderança;0;0;0;0;0;0
61.082.004/0001-50;2023-12-31;5;136114;MANUFATURA DE BRINQUEDOS ESTRELA S.A.;Liderança;0;0;0;26;0;0
61.082.004/0001-50;2023-12-31;5;136114;MANUFATURA DE BRINQUEDOS ESTRELA S.A.;Não-liderança;4;12;6;484;16;0
61.088.894/0001-08;2023-12-31;5;135748;CAMBUCI S.A.;Liderança;0;99;0;50;0;0
61.088.894/0001-08;2023-12-31;5;135748;CAMBUCI S.A.;Não-liderança;0;2879;0;83;0;0
61.156.113/0001-75;2023-12-31;10;137505;IOCHPE MAXION S.A.;Liderança;0;0;0;295;0;696
61.156.113/0001-75;2023-12-31;10;137505;IOCHPE MAXION S.A.;Não-liderança;0;0;0;7856;0;8614
61.156.931/0001-78;2023-12-31;2;129749;SIDERURGICA J. L. ALIPERTI S.A.;Liderança;0;0;0;1;0;0
61.156.931/0001-78;2023-12-31;2;129749;SIDERURGICA J. L. ALIPERTI S.A.;Não-liderança;0;3;0;7;0;0
61.186.680/0001-74;2023-12-31;15;136646;BANCO BMG S/A;Liderança;3;6;1;247;4;0
61.186.680/0001-74;2023-12-31;15;136646;BANCO BMG S/A;Não-liderança;14;61;23;912;20;0
61.189.288/0001-89;2023-12-31;21;138004;MARISA LOJAS S.A.;Liderança;82;187;70;710;131;0
61.189.288/0001-89;2023-12-31;21;138004;MARISA LOJAS S.A.;Não-liderança;488;1062;430;3543;715;0
61.190.096/0001-92;2023-12-31;13;135902;EUROFARMA LABORATÓRIOS S.A.;Liderança;11;70;30;534;54;0
61.190.096/0001-92;2023-12-31;13;135902;EUROFARMA LABORATÓRIOS S.A.;Não-liderança;145;609;219;4410;480;0
61.351.532/0001-68;2023-12-31;13;137928;AZEVEDO E TRAVASSOS S.A.;Liderança;0;1;0;9;0;0
61.351.532/0001-68;2023-12-31;13;137928;AZEVEDO E TRAVASSOS S.A.;Não-liderança;0;1;0;80;0;0
61.374.161/0001-30;2023-12-31;3;131057;BAUMER S.A.;Liderança;0;0;0;29;0;0
61.374.161/0001-30;2023-12-31;3;131057;BAUMER S.A.;Não-liderança;0;0;0;348;0;0
61.409.892/0001-73;2023-12-31;4;136682;COMPANHIA BRASILEIRA DE ALUMÍNIO;Liderança;0;0;1;108;0;0
61.409.892/0001-73;2023-12-31;4;136682;COMPANHIA BRASILEIRA DE ALUMÍNIO;Não-liderança;0;0;71;5420;15;0
61.486.650/0001-83;2023-12-31;19;136991;DIAGNOSTICOS DA AMERICA S.A.;Liderança;0;412;217;2173;238;0
61.486.650/0001-83;2023-12-31;19;136991;DIAGNOSTICOS DA AMERICA S.A.;Não-liderança;0;7680;4389;31825;3399;0
61.532.644/0001-15;2023-12-31;6;137667;ITAÚSA S.A.;Liderança;0;0;0;12;0;0
61.532.644/0001-15;2023-12-31;6;137667;ITAÚSA S.A.;Não-liderança;0;0;0;68;0;0
61.584.140/0001-49;2023-12-31;3;137086;REDE ENERGIA PARTICIPAÇÕES S.A.;Liderança;0;0;1;0;0;0
61.584.140/0001-49;2023-12-31;3;137086;REDE ENERGIA PARTICIPAÇÕES S.A.;Não-liderança;0;0;1;0;0;0
61.585.865/0001-51;2023-12-31;10;137915;RAIA DROGASIL S.A.;Liderança;120;433;305;2413;359;0
61.585.865/0001-51;2023-12-31;10;137915;RAIA DROGASIL S.A.;Não-liderança;1498;7158;4759;30872;5122;0
61.856.571/0001-17;2023-12-31;8;137500;CIA GAS DE SAO PAULO - COMGAS;Liderança;0;0;0;117;0;0
61.856.571/0001-17;2023-12-31;8;137500;CIA GAS DE SAO PAULO - COMGAS;Não-liderança;0;0;0;977;0;0
62.002.886/0001-60;2023-12-31;10;137895;SAO PAULO TURISMO S.A.;Liderança;0;1;0;29;0;0
62.002.886/0001-60;2023-12-31;10;137895;SAO PAULO TURISMO S.A.;Não-liderança;1;9;2;111;4;1
62.144.175/0001-20;2023-12-31;33;136647;BCO PINE S.A;Liderança;0;0;0;16;0;0
62.144.175/0001-20;2023-12-31;33;136647;BCO PINE S.A;Não-liderança;0;0;0;290;5;0
62.232.889/0001-90;2023-12-31;3;133524;BCO DAYCOVAL S.A.;Liderança;7;29;17;572;35;0
62.232.889/0001-90;2023-12-31;3;133524;BCO DAYCOVAL S.A.;Não-liderança;26;109;84;2408;145;0
62.258.884/0001-36;2023-12-31;5;137829;INTERCEMENT BRASIL S.A.;Liderança;0;28;36;204;21;0
62.258.884/0001-36;2023-12-31;5;137829;INTERCEMENT BRASIL S.A.;Não-liderança;0;237;241;1060;182;0
62.984.091/0001-02;2023-12-31;11;137707;CRUZEIRO DO SUL EDUCACIONAL S.A.;Liderança;0;9;7;277;50;0
62.984.091/0001-02;2023-12-31;11;137707;CRUZEIRO DO SUL EDUCACIONAL S.A.;Não-liderança;0;668;513;4327;1375;0
67.010.660/0001-24;2023-12-31;6;137136;RNI NEGÓCIOS IMOBILIÁRIOS S.A.;Liderança;0;5;15;65;15;0
67.010.660/0001-24;2023-12-31;6;137136;RNI NEGÓCIOS IMOBILIÁRIOS S.A.;Não-liderança;4;20;97;257;64;0
67.571.414/0001-41;2023-12-31;18;136928;VIVER INCORPORADORA E CONSTRUTORA S.A.;Liderança;0;0;0;16;0;0
67.571.414/0001-41;2023-12-31;18;136928;VIVER INCORPORADORA E CONSTRUTORA S.A.;Não-liderança;1;10;1;74;1;0
67.620.377/0001-14;2023-12-31;9;136838;MINERVA S.A.;Liderança;71;10;117;468;0;535
67.620.377/0001-14;2023-12-31;9;136838;MINERVA S.A.;Não-liderança;2696;92;4026;5320;0;9862
71.208.516/0001-74;2023-12-31;5;135508;ALGAR TELECOM S/A;Liderança;0;0;0;350;0;0
71.208.516/0001-74;2023-12-31;5;135508;ALGAR TELECOM S/A;Não-liderança;0;0;0;3973;0;0
71.476.527/0001-35;2023-12-31;16;136098;CONSTRUTORA TENDA S.A.;Liderança;0;47;9;225;17;1
71.476.527/0001-35;2023-12-31;16;136098;CONSTRUTORA TENDA S.A.;Não-liderança;0;1040;206;2332;367;0
73.178.600/0001-18;2023-12-31;6;137801;CYRELA BRAZIL REALTY S.A.EMPREEND E PART;Liderança;1;1;0;324;24;0
73.178.600/0001-18;2023-12-31;6;137801;CYRELA BRAZIL REALTY S.A.EMPREEND E PART;Não-liderança;93;3;2;4562;388;0
75.315.333/0001-09;2023-12-31;15;135906;ATACADÃO S.A.;Liderança;60;542;197;4163;506;0
75.315.333/0001-09;2023-12-31;15;135906;ATACADÃO S.A.;Não-liderança;6963;36059;11696;67404;22763;0
75.609.123/0001-23;2023-12-31;14;134259;UNIDAS LOCAÇÕES E SERVIÇOS S.A.;Liderança;0;5;6;25;96;0
75.609.123/0001-23;2023-12-31;14;134259;UNIDAS LOCAÇÕES E SERVIÇOS S.A.;Não-liderança;0;188;322;504;530;0
76.483.817/0001-20;2023-12-31;20;136123;CIA PARANAENSE DE ENERGIA - COPEL;Liderança;0;1;1;1;384;0
76.483.817/0001-20;2023-12-31;20;136123;CIA PARANAENSE DE ENERGIA - COPEL;Não-liderança;0;13;36;17;5422;0
76.484.013/0001-45;2023-12-31;13;137663;CIA SANEAMENTO DO PARANA - SANEPAR;Liderança;0;0;0;0;142;0
76.484.013/0001-45;2023-12-31;13;137663;CIA SANEAMENTO DO PARANA - SANEPAR;Não-liderança;0;0;0;0;1659;0
76.535.764/0001-43;2023-12-31;16;137764;OI S.A. - EM RECUPERAÇÃO JUDICIAL;Liderança;47;205;547;505;233;0
76.535.764/0001-43;2023-12-31;16;137764;OI S.A. - EM RECUPERAÇÃO JUDICIAL;Não-liderança;897;3343;8508;5553;3734;0
79.430.682/0001-22;2023-12-31;6;135921;FARMÁCIA E DROGARIA NISSEI S.A.;Liderança;0;0;0;34;364;0
79.430.682/0001-22;2023-12-31;6;135921;FARMÁCIA E DROGARIA NISSEI S.A.;Não-liderança;0;0;0;468;5519;0
80.680.093/0001-81;2023-12-31;2;133245;SENIOR SISTEMAS S.A.;Liderança;0;4;3;60;139;16
80.680.093/0001-81;2023-12-31;2;133245;SENIOR SISTEMAS S.A.;Não-liderança;1;35;21;689;1486;154
81.243.735/0001-48;2023-12-31;14;137753;POSITIVO TECNOLOGIA S.A.;Liderança;47;17;0;33;233;0
81.243.735/0001-48;2023-12-31;14;137753;POSITIVO TECNOLOGIA S.A.;Não-liderança;986;284;0;265;1170;2
81.616.807/0001-55;2023-12-31;5;133328;GRANJA FARIA S.A.;Liderança;15;0;15;60;20;0
81.616.807/0001-55;2023-12-31;5;133328;GRANJA FARIA S.A.;Não-liderança;269;0;66;601;444;0
82.120.676/0001-83;2023-12-31;1;127897;ALMEIDA JUNIOR SHOPPING CENTERS S.A.;Liderança;0;0;0;1;44;0
82.120.676/0001-83;2023-12-31;1;127897;ALMEIDA JUNIOR SHOPPING CENTERS S.A.;Não-liderança;0;0;0;2;813;0
82.508.433/0001-17;2023-12-31;6;135666;CIA CATARINENSE DE AGUAS E SANEAM.-CASAN;Liderança;0;0;0;0;303;0
82.508.433/0001-17;2023-12-31;6;135666;CIA CATARINENSE DE AGUAS E SANEAM.-CASAN;Não-liderança;0;0;0;0;2393;0
82.640.558/0001-04;2023-12-31;5;135562;KARSTEN S.A.;Liderança;0;0;0;0;84;0
82.640.558/0001-04;2023-12-31;5;135562;KARSTEN S.A.;Não-liderança;2;0;0;5;2483;1
82.643.537/0001-34;2023-12-31;8;137145;ELECTRO ACO ALTONA S.A.;Liderança;0;0;0;0;91;1
82.643.537/0001-34;2023-12-31;8;137145;ELECTRO ACO ALTONA S.A.;Não-liderança;0;0;0;0;1239;0
82.901.000/0001-27;2023-12-31;3;135975;INTELBRAS S.A. IND. DE TELECOMUNICAÇÃO ELETRÔNICA BRASILEIRA;Liderança;33;1;0;17;270;1
82.901.000/0001-27;2023-12-31;3;135975;INTELBRAS S.A. IND. DE TELECOMUNICAÇÃO ELETRÔNICA BRASILEIRA;Não-liderança;983;30;0;303;3078;0
82.982.075/0001-80;2023-12-31;2;130627;TEXTIL RENAUXVIEW S.A.;Liderança;0;0;0;0;43;0
82.982.075/0001-80;2023-12-31;2;130627;TEXTIL RENAUXVIEW S.A.;Não-liderança;0;0;0;0;599;0
83.475.913/0001-91;2023-12-31;5;138046;PBG S/A;Liderança;0;29;7;54;188;0
83.475.913/0001-91;2023-12-31;5;138046;PBG S/A;Não-liderança;2;521;65;540;2561;0
83.878.892/0001-55;2023-12-31;12;137642;CENTRAIS ELET DE SANTA CATARINA S.A.;Liderança;0;0;0;0;458;0
83.878.892/0001-55;2023-12-31;12;137642;CENTRAIS ELET DE SANTA CATARINA S.A.;Não-liderança;0;0;0;0;3467;0
84.429.695/0001-11;2023-12-31;6;136075;WEG S.A.;Liderança;4;1;0;217;749;898
84.429.695/0001-11;2023-12-31;6;136075;WEG S.A.;Não-liderança;336;6;0;5747;19796;11383
84.683.374/0001-49;2023-12-31;16;137700;TUPY S.A.;Liderança;0;0;0;135;264;266
84.683.374/0001-49;2023-12-31;16;137700;TUPY S.A.;Não-liderança;0;0;0;5090;9026;4792
84.683.408/0001-03;2023-12-31;3;135674;DOHLER S.A.;Liderança;0;0;0;0;334;0
84.683.408/0001-03;2023-12-31;3;135674;DOHLER S.A.;Não-liderança;0;0;0;0;2779;0
84.683.671/0001-94;2023-12-31;4;133542;WETZEL S.A.;Liderança;0;0;0;0;36;0
84.683.671/0001-94;2023-12-31;4;133542;WETZEL S.A.;Não-liderança;0;0;0;0;1036;0
84.693.183/0001-68;2023-12-31;4;135472;SCHULZ S.A.;Liderança;2;4;1;3;105;3
84.693.183/0001-68;2023-12-31;4;135472;SCHULZ S.A.;Não-liderança;0;0;0;1;3348;1
85.041.333/0001-11;2023-12-31;3;128576;PORTO PONTA DO FELIX S/A;Liderança;0;0;0;0;10;0
85.041.333/0001-11;2023-12-31;3;128576;PORTO PONTA DO FELIX S/A;Não-liderança;0;0;0;0;254;0
85.778.074/0001-06;2023-12-31;7;136049;METALURGICA RIOSULENSE S.A.;Liderança;0;0;0;1;50;0
85.778.074/0001-06;2023-12-31;7;136049;METALURGICA RIOSULENSE S.A.;Não-liderança;0;0;0;0;826;0
86.375.425/0001-09;2023-12-31;3;136655;METISA METALURGICA TIMBOENSE S.A.;Liderança;0;1;0;0;28;0
86.375.425/0001-09;2023-12-31;3;136655;METISA METALURGICA TIMBOENSE S.A.;Não-liderança;0;6;0;0;1164;0
87.043.832/0001-73;2023-12-31;6;136999;SEIVA S.A. - FLORESTAS E INDÚSTRIAS;Liderança;0;0;0;3;0;0
87.043.832/0001-73;2023-12-31;6;136999;SEIVA S.A. - FLORESTAS E INDÚSTRIAS;Não-liderança;0;0;0;1;0;0
87.456.562/0001-22;2023-12-31;2;136062;JOSAPAR-JOAQUIM OLIVEIRA S.A. - PARTICIP;Liderança;0;2;0;0;22;0
87.456.562/0001-22;2023-12-31;2;136062;JOSAPAR-JOAQUIM OLIVEIRA S.A. - PARTICIP;Não-liderança;4;81;12;0;1297;0
87.762.563/0001-03;2023-12-31;7;137839;CIA HABITASUL DE PARTICIPACOES;Liderança;0;0;0;0;39;0
87.762.563/0001-03;2023-12-31;7;137839;CIA HABITASUL DE PARTICIPACOES;Não-liderança;0;0;0;0;162;0
87.870.952/0001-44;2023-12-31;4;135560;BORRACHAS VIPAL S.A.;Liderança;0;27;0;0;87;0
87.870.952/0001-44;2023-12-31;4;135560;BORRACHAS VIPAL S.A.;Não-liderança;0;862;0;0;1635;0
88.610.126/0001-29;2023-12-31;7;136794;FRAS-LE S.A.;Liderança;0;0;0;55;94;15
88.610.126/0001-29;2023-12-31;7;136794;FRAS-LE S.A.;Não-liderança;0;0;0;698;3635;959
88.610.191/0001-54;2023-12-31;4;139048;MUNDIAL S.A. - PRODUTOS DE CONSUMO;Liderança;0;0;0;30;67;0
88.610.191/0001-54;2023-12-31;4;139048;MUNDIAL S.A. - PRODUTOS DE CONSUMO;Não-liderança;0;0;0;412;1543;0
88.611.835/0001-29;2023-12-31;15;136048;MARCOPOLO S.A.;Liderança;0;0;0;35;492;0
88.611.835/0001-29;2023-12-31;15;136048;MARCOPOLO S.A.;Não-liderança;0;0;0;2065;7727;0
89.086.144/0001-16;2023-12-31;7;138534;RANDON S.A. IMPLEMENTOS E PARTICIPACOES;Liderança;0;2;0;47;416;25
89.086.144/0001-16;2023-12-31;7;138534;RANDON S.A. IMPLEMENTOS E PARTICIPACOES;Não-liderança;0;8;0;2164;11930;1358
89.096.457/0001-55;2023-12-31;15;137386;SLC AGRICOLA S.A.;Liderança;0;140;171;0;103;0
89.096.457/0001-55;2023-12-31;15;137386;SLC AGRICOLA S.A.;Não-liderança;0;1455;2052;0;464;0
89.463.822/0001-12;2023-12-31;27;137874;LUPATECH S.A;Liderança;0;0;0;14;23;0
89.463.822/0001-12;2023-12-31;27;137874;LUPATECH S.A;Não-liderança;0;0;0;124;310;1
89.637.490/0001-45;2023-12-31;15;137486;KLABIN S.A.;Liderança;28;90;19;384;1113;14
89.637.490/0001-45;2023-12-31;15;137486;KLABIN S.A.;Não-liderança;437;1533;305;3889;10326;128
89.850.341/0001-60;2023-12-31;11;136875;GRENDENE S.A.;Liderança;0;272;0;0;280;0
89.850.341/0001-60;2023-12-31;11;136875;GRENDENE S.A.;Não-liderança;0;12755;0;0;1774;0
90.076.886/0001-40;2023-12-31;4;138919;MINUPAR PARTICIPACOES S.A.;Liderança;0;0;0;1;46;0
90.076.886/0001-40;2023-12-31;4;138919;MINUPAR PARTICIPACOES S.A.;Não-liderança;0;0;0;0;2682;0
90.400.888/0001-42;2023-12-31;17;137940;BCO SANTANDER (BRASIL) S.A.;Liderança;28;158;50;945;110;0
90.400.888/0001-42;2023-12-31;17;137940;BCO SANTANDER (BRASIL) S.A.;Não-liderança;1106;6301;1970;37543;4380;0
90.441.460/0001-48;2023-12-31;4;137407;UNICASA INDÚSTRIA DE MÓVEIS S.A.;Liderança;0;0;0;3;35;2
90.441.460/0001-48;2023-12-31;4;137407;UNICASA INDÚSTRIA DE MÓVEIS S.A.;Não-liderança;0;2;1;14;501;6
91.333.666/0001-17;2023-12-31;8;139739;RECRUSUL S.A.;Liderança;0;0;0;0;11;0
91.333.666/0001-17;2023-12-31;8;139739;RECRUSUL S.A.;Não-liderança;0;0;0;0;135;0
91.669.747/0001-92;2023-12-31;2;128679;DM FINANCEIRA S.A. - CRÉDITO, FINANCIAMENTO E INVESTIMENTO;Liderança;0;0;0;1;0;0
91.669.747/0001-92;2023-12-31;2;128679;DM FINANCEIRA S.A. - CRÉDITO, FINANCIAMENTO E INVESTIMENTO;Não-liderança;0;0;0;1;0;0
91.983.056/0001-69;2023-12-31;17;136540;KEPLER WEBER S.A.;Liderança;0;0;22;7;107;0
91.983.056/0001-69;2023-12-31;17;136540;KEPLER WEBER S.A.;Não-liderança;0;0;328;11;1222;0
92.012.467/0001-70;2023-12-31;5;136606;GRAZZIOTIN S.A.;Liderança;0;0;0;0;438;0
92.012.467/0001-70;2023-12-31;5;136606;GRAZZIOTIN S.A.;Não-liderança;0;0;0;0;2291;0
92.660.570/0001-26;2023-12-31;4;138132;TREVISA INVESTIMENTOS S.A.;Liderança;0;0;0;0;54;0
92.660.570/0001-26;2023-12-31;4;138132;TREVISA INVESTIMENTOS S.A.;Não-liderança;0;0;0;0;234;0
92.665.611/0001-77;2023-12-31;5;133204;DIMED S.A. DISTRIBUIDORA DE MEDICAMENTOS;Liderança;0;0;0;5;677;0
92.665.611/0001-77;2023-12-31;5;133204;DIMED S.A. DISTRIBUIDORA DE MEDICAMENTOS;Não-liderança;0;0;0;121;8144;0
92.690.783/0001-09;2023-12-31;14;138036;METALURGICA GERDAU S.A.;Liderança;8;162;18;1850;386;2186
92.690.783/0001-09;2023-12-31;14;138036;METALURGICA GERDAU S.A.;Não-liderança;37;1771;166;12380;2780;8854
92.693.019/0001-89;2023-12-31;5;137614;PANATLANTICA S.A.;Liderança;0;0;0;5;40;0
92.693.019/0001-89;2023-12-31;5;137614;PANATLANTICA S.A.;Não-liderança;0;0;0;50;464;0
92.702.067/0001-96;2023-12-31;27;136674;BCO ESTADO DO RIO GRANDE DO SUL S.A.;Liderança;0;0;2;8;1650;0
92.702.067/0001-96;2023-12-31;27;136674;BCO ESTADO DO RIO GRANDE DO SUL S.A.;Não-liderança;0;0;6;42;6952;0
92.721.232/0001-57;2023-12-31;6;134014;BANRISUL ARMAZENS GERAIS SA;Liderança;0;0;0;0;38;0
92.721.232/0001-57;2023-12-31;6;134014;BANRISUL ARMAZENS GERAIS SA;Não-liderança;0;0;0;0;31;0
92.749.225/0001-63;2023-12-31;4;136932;HERCULES S.A. FABRICA DE TALHERES;Liderança;0;0;0;5;2;0
92.749.225/0001-63;2023-12-31;4;136932;HERCULES S.A. FABRICA DE TALHERES;Não-liderança;0;1;0;0;0;0
92.754.738/0001-62;2023-12-31;9;136012;LOJAS RENNER S.A.;Liderança;139;395;247;1069;1182;40
92.754.738/0001-62;2023-12-31;9;136012;LOJAS RENNER S.A.;Não-liderança;991;3234;1875;8471;6113;765
92.781.335/0001-02;2023-12-31;9;136801;TAURUS ARMAS S.A.;Liderança;0;0;0;0;260;0
92.781.335/0001-02;2023-12-31;9;136801;TAURUS ARMAS S.A.;Não-liderança;0;0;0;0;3133;0
92.791.243/0001-03;2023-12-31;7;137721;IRANI PAPEL E EMBALAGEM S.A.;Liderança;0;0;0;40;134;0
92.791.243/0001-03;2023-12-31;7;137721;IRANI PAPEL E EMBALAGEM S.A.;Não-liderança;0;0;0;572;1615;0
93.828.986/0001-73;2023-12-31;2;137240;CEMEPE INVESTIMENTOS S.A.;Liderança;0;0;0;2;0;0
93.828.986/0001-73;2023-12-31;2;137240;CEMEPE INVESTIMENTOS S.A.;Não-liderança;0;0;0;2;0;0
94.813.102/0001-70;2023-12-31;3;133703;TRÊS TENTOS AGROINDUSTRIAL S/A;Liderança;0;0;63;0;387;0
94.813.102/0001-70;2023-12-31;3;133703;TRÊS TENTOS AGROINDUSTRIAL S/A;Não-liderança;0;0;125;0;1376;0
95.426.862/0001-97;2023-12-31;3;137646;EXCELSIOR ALIMENTOS S.A.;Liderança;0;0;0;0;30;0
95.426.862/0001-97;2023-12-31;3;137646;EXCELSIOR ALIMENTOS S.A.;Não-liderança;0;0;0;0;517;0
96.298.013/0001-68;2023-12-31;8;137557;PACAEMBU CONSTRUTORA S.A.;Liderança;0;0;1;92;12;0
96.298.013/0001-68;2023-12-31;8;137557;PACAEMBU CONSTRUTORA S.A.;Não-liderança;0;0;0;571;98;0
96.418.264/0218-02;2023-12-31;14;137838;LOJAS QUERO QUERO S.A.;Liderança;0;0;23;26;1375;0
96.418.264/0218-02;2023-12-31;14;137838;LOJAS QUERO QUERO S.A.;Não-liderança;0;0;80;101;6622;0
97.191.902/0001-94;2023-12-31;2;136989;CONSERVAS ODERICH S.A.;Liderança;0;0;32;0;155;0
97.191.902/0001-94;2023-12-31;2;136989;CONSERVAS ODERICH S.A.;Não-liderança;0;0;383;0;1545;0
97.837.181/0001-47;2023-12-31;11;136737;DEXCO S.A.;Liderança;0;62;0;515;106;0
97.837.181/0001-47;2023-12-31;11;136737;DEXCO S.A.;Não-liderança;0;2536;0;7828;1949;0
